ML Catalog Number,Format,Common Name,Scientific Name,Background Species,Recordist,Date,Year,Month,Day,Time,Country,Country-State-County,State,County,Locality,Latitude,Longitude,Age/Sex,Behaviors,Playback,Captive,Collected,Specimen ID,Home Archive Catalog Number,Recorder,Microphone,Accessory,Partner Institution,eBird Checklist ID,Unconfirmed,Air Temp(°C),Water Temp(°C),Media notes,Observation Details,Parent Species,eBird Species Code,Taxon Category,Taxonomic Sort,Recordist 2,Average Community Rating,Number of Ratings,Asset Tags,Original Image Height,Original Image Width
627628691,Audio,Hermit Thrush,Catharus guttatus,,Rodrigo Dueñas,2024-12-08,2024,12,8,714,United States,US-CA-081,California,San Mateo,Windy Hill OSP,37.3626535,-122.2298956,Unknown – 1,Call,Not Used,"","",,,Zoom F3,Wildtronics Pro Mono Parabolic Microphone,Standard .060 Polycarbonate Parabola,,S204849205,"",,,ID by sight,,Catharus guttatus,herthr,Species,28081,,3.00,1,"",,
627628689,Audio,Bushtit,Psaltriparus minimus,,Rodrigo Dueñas,2024-12-08,2024,12,8,714,United States,US-CA-081,California,San Mateo,Windy Hill OSP,37.3626535,-122.2298956,Unknown – 1,Call,Unspecified,"","",,,Zoom F3,Wildtronics Pro Mono Parabolic Microphone,Standard .060 Polycarbonate Parabola,,S204849205,"",,,ID by sound,,Psaltriparus minimus,bushti,Species,25018,,2.00,1,"",,
627628678,Audio,Dark-eyed Junco (Oregon),Junco hyemalis [oreganus Group],,Rodrigo Dueñas,2024-12-08,2024,12,8,714,United States,US-CA-081,California,San Mateo,Windy Hill OSP,37.3626535,-122.2298956,Adult – 1,Call,Not Used,"","",,,Zoom F3,Wildtronics Pro Mono Parabolic Microphone,Standard .060 Polycarbonate Parabola,,S204849205,"",,,ID by sight,,Junco hyemalis,orejun,Group,32848,,3.00,1,"",,
627628679,Audio,Dark-eyed Junco (Oregon),Junco hyemalis [oreganus Group],,Rodrigo Dueñas,2024-12-08,2024,12,8,714,United States,US-CA-081,California,San Mateo,Windy Hill OSP,37.3626535,-122.2298956,Adult – 1,"Call; Foraging or Eating",Not Used,"","",,,Zoom F3,Wildtronics Pro Mono Parabolic Microphone,Standard .060 Polycarbonate Parabola,,S204849205,"",,,ID by sight,,Junco hyemalis,orejun,Group,32848,,4.00,1,"",,
627593391,Audio,California Towhee,Melozone crissalis,,Rodrigo Dueñas,2024-12-15,2024,12,15,821,United States,US-CA-001,California,Alameda,Coyote Hills Regional Park,37.5537640,-122.0875025,Adult – 2,"Call; Foraging or Eating",Not Used,"","",,,Zoom F3,Wildtronics Pro Mono Parabolic Microphone,Standard .060 Polycarbonate Parabola,,S205522237,"",,,ID by sight,,Melozone crissalis,caltow,Species,33068,,4.00,1,"",,
627593386,Audio,Great Egret (American),Ardea alba egretta,Sayornis nigricans -- Black Phoebe,Rodrigo Dueñas,2024-12-15,2024,12,15,821,United States,US-CA-001,California,Alameda,Coyote Hills Regional Park,37.5537640,-122.0875025,"","Call; Flying",Not Used,"","",,,Zoom F3,Wildtronics Pro Mono Parabolic Microphone,Standard .060 Polycarbonate Parabola,,S205522237,"",,,Individual flying,,Ardea alba,greegr2,Group,7638,,2.00,1,"",,
627593382,Audio,Song Sparrow,Melospiza melodia,,Rodrigo Dueñas,2024-12-15,2024,12,15,821,United States,US-CA-001,California,Alameda,Coyote Hills Regional Park,37.5537640,-122.0875025,Unknown – 1,Song,Unspecified,"","",,,Zoom F3,Wildtronics Pro Mono Parabolic Microphone,Standard .060 Polycarbonate Parabola,,S205522237,"",,,ID by sound,,Melospiza melodia,sonspa,Species,32995,,4.00,1,"",,
627593378,Audio,Song Sparrow,Melospiza melodia,,Rodrigo Dueñas,2024-12-15,2024,12,15,821,United States,US-CA-001,California,Alameda,Coyote Hills Regional Park,37.5537640,-122.0875025,Adult – 1,Call,Not Used,"","",,,Zoom F3,Wildtronics Pro Mono Parabolic Microphone,Standard .060 Polycarbonate Parabola,,S205522237,"",,,ID by sight / foraging,,Melospiza melodia,sonspa,Species,32995,,4.50,2,"",,
627593370,Audio,White-tailed Kite,Elanus leucurus,,Rodrigo Dueñas,2024-12-15,2024,12,15,821,United States,US-CA-001,California,Alameda,Coyote Hills Regional Park,37.5537640,-122.0875025,Adult – 2,"Call; Flying",Not Used,"","",,,Zoom F3,Wildtronics Pro Mono Parabolic Microphone,Standard .060 Polycarbonate Parabola,,S205522237,"",,,2 adults harassing a hawk,,Elanus leucurus,whtkit,Species,7748,,1.00,1,"",,
627593364,Audio,Canada Goose,Branta canadensis,,Rodrigo Dueñas,2024-12-15,2024,12,15,821,United States,US-CA-001,California,Alameda,Coyote Hills Regional Park,37.5537640,-122.0875025,Adult – 4,"Call; Flying",Not Used,"","",,,Zoom F3,Wildtronics Pro Mono Parabolic Microphone,Standard .060 Polycarbonate Parabola,,S205522237,"",,,ID by sight,,Branta canadensis,cangoo,Species,330,,4.00,1,"",,
627593362,Audio,Song Sparrow,Melospiza melodia,,Rodrigo Dueñas,2024-12-15,2024,12,15,821,United States,US-CA-001,California,Alameda,Coyote Hills Regional Park,37.5537640,-122.0875025,Adult – 1,"Call; Foraging or Eating",Not Used,"","",,,Zoom F3,Wildtronics Pro Mono Parabolic Microphone,Standard .060 Polycarbonate Parabola,,S205522237,"",,,,,Melospiza melodia,sonspa,Species,32995,,2.00,1,"",,
627593359,Audio,Northern Shoveler,Spatula clypeata,,Rodrigo Dueñas,2024-12-15,2024,12,15,821,United States,US-CA-001,California,Alameda,Coyote Hills Regional Park,37.5537640,-122.0875025,"",Call,Not Used,"","",,,Zoom F3,Wildtronics Pro Mono Parabolic Microphone,Standard .060 Polycarbonate Parabola,,S205522237,"",,,Multiple individuals on the big pond,,Spatula clypeata,norsho,Species,483,,3.00,1,"",,
627593195,Audio,California Scrub-Jay,Aphelocoma californica,,Rodrigo Dueñas,2024-12-15,2024,12,15,721,United States,US-CA-001,California,Alameda,Coyote Hills Regional Park--Visitor Center area,37.5533565,-122.0907479,Adult – 1,Call,Not Used,"","",,,Zoom F3,Wildtronics Pro Mono Parabolic Microphone,Standard .060 Polycarbonate Parabola,,S205487068,"",,,ID by sight,,Aphelocoma californica,cowscj1,Species,21075,,3.00,1,"",,
627593194,Audio,Yellow-rumped Warbler,Setophaga coronata,Aphelocoma californica -- California Scrub-Jay,Rodrigo Dueñas,2024-12-15,2024,12,15,721,United States,US-CA-001,California,Alameda,Coyote Hills Regional Park--Visitor Center area,37.5533565,-122.0907479,Adult Male – 1,Call,Not Used,"","",,,Zoom F3,Wildtronics Pro Mono Parabolic Microphone,Standard .060 Polycarbonate Parabola,,S205487068,"",,,ID by sight,,Setophaga coronata,yerwar,Species,33874,,3.00,1,"",,
627593193,Audio,Yellow-rumped Warbler,Setophaga coronata,Meleagris gallopavo -- Wild Turkey,Rodrigo Dueñas,2024-12-15,2024,12,15,721,United States,US-CA-001,California,Alameda,Coyote Hills Regional Park--Visitor Center area,37.5533565,-122.0907479,Adult Male – 1,"Call; Foraging or Eating",Unspecified,"","",,,Zoom F3,Wildtronics Pro Mono Parabolic Microphone,Standard .060 Polycarbonate Parabola,,S205487068,"",,,ID by sight,,Setophaga coronata,yerwar,Species,33874,,3.00,1,"",,
627593188,Audio,Ruby-crowned Kinglet,Corthylio calendula,,Rodrigo Dueñas,2024-12-15,2024,12,15,721,United States,US-CA-001,California,Alameda,Coyote Hills Regional Park--Visitor Center area,37.5533565,-122.0907479,Adult Male – 1,Call,Not Used,"","",,,Zoom F3,Wildtronics Pro Mono Parabolic Microphone,Standard .060 Polycarbonate Parabola,,S205487068,"",,,ID by sight / sound,,Corthylio calendula,ruckin,Species,26595,,4.00,1,"",,
627593169,Audio,Northern Flicker,Colaptes auratus,,Rodrigo Dueñas,2024-12-15,2024,12,15,721,United States,US-CA-001,California,Alameda,Coyote Hills Regional Park--Visitor Center area,37.5533565,-122.0907479,Unknown – 1,Call,Not Used,"","",,,Zoom F3,Wildtronics Pro Mono Parabolic Microphone,Standard .060 Polycarbonate Parabola,,S205487068,"",,,ID by sound,,Colaptes auratus,norfli,Species,11785,,4.00,1,"",,
627274877,Audio,Yellow-rumped Warbler,Setophaga coronata,,Rodrigo Dueñas,2024-12-08,2024,12,8,714,United States,US-CA-081,California,San Mateo,Windy Hill OSP,37.3626535,-122.2298956,Adult Male – 1,"",Not Used,"","",,,Zoom F3,Wildtronics Pro Mono Parabolic Microphone,Standard .060 Polycarbonate Parabola,,S204849205,"",,,,,Setophaga coronata,yerwar,Species,33874,,3.00,1,"",,
627274874,Audio,Chestnut-backed Chickadee,Poecile rufescens,"Cyanocitta stelleri [stelleri Group] -- Steller's Jay (Coastal)",Rodrigo Dueñas,2024-12-08,2024,12,8,714,United States,US-CA-081,California,San Mateo,Windy Hill OSP,37.3626535,-122.2298956,Adult Male – 2,Foraging or Eating,Not Used,"","",,,Zoom F3,Wildtronics Pro Mono Parabolic Microphone,Standard .060 Polycarbonate Parabola,,S204849205,"",,,,,Poecile rufescens,chbchi,Species,21870,,4.00,1,"",,
627274839,Audio,Purple Finch (Western),Haemorhous purpureus californicus,,Rodrigo Dueñas,2024-12-08,2024,12,8,714,United States,US-CA-081,California,San Mateo,Windy Hill OSP,37.3626535,-122.2298956,Adult Male – 1,Call,Not Used,"","",,,Zoom F3,Wildtronics Pro Mono Parabolic Microphone,Standard .060 Polycarbonate Parabola,,S204849205,"",,,"Individual at the top of a tree, not as purple but distinct call",,Haemorhous purpureus,purfin2,Group,32050,,4.00,1,"",,
627274832,Audio,Ruby-crowned Kinglet,Corthylio calendula,,Rodrigo Dueñas,2024-12-08,2024,12,8,714,United States,US-CA-081,California,San Mateo,Windy Hill OSP,37.3626535,-122.2298956,Unknown – 1,Call,Not Used,"","",,,Zoom F3,Wildtronics Pro Mono Parabolic Microphone,Standard .060 Polycarbonate Parabola,,S204849205,"",,,,,Corthylio calendula,ruckin,Species,26595,,3.00,1,"",,
627274825,Audio,Hermit Thrush,Catharus guttatus,,Rodrigo Dueñas,2024-12-08,2024,12,8,714,United States,US-CA-081,California,San Mateo,Windy Hill OSP,37.3626535,-122.2298956,Unknown – 1,Call,Not Used,"","",,,Zoom F3,Wildtronics Pro Mono Parabolic Microphone,Standard .060 Polycarbonate Parabola,,S204849205,"",,,,,Catharus guttatus,herthr,Species,28081,,3.00,1,"",,
627274813,Audio,"Steller's Jay (Coastal)",Cyanocitta stelleri [stelleri Group],,Rodrigo Dueñas,2024-12-08,2024,12,8,714,United States,US-CA-081,California,San Mateo,Windy Hill OSP,37.3626535,-122.2298956,Unknown – 1,Call,Not Used,"","",,,Zoom F3,Wildtronics Pro Mono Parabolic Microphone,Standard .060 Polycarbonate Parabola,,S204849205,"",,,,,Cyanocitta stelleri,stejay1,Group,21047,,2.00,1,"",,
627274814,Audio,"Steller's Jay (Coastal)",Cyanocitta stelleri [stelleri Group],,Rodrigo Dueñas,2024-12-08,2024,12,8,714,United States,US-CA-081,California,San Mateo,Windy Hill OSP,37.3626535,-122.2298956,Unknown – 1,Call,Not Used,"","",,,Zoom F3,Wildtronics Pro Mono Parabolic Microphone,Standard .060 Polycarbonate Parabola,,S204849205,"",,,,,Cyanocitta stelleri,stejay1,Group,21047,,3.00,1,"",,
627274808,Audio,Acorn Woodpecker,Melanerpes formicivorus,,Rodrigo Dueñas,2024-12-08,2024,12,8,714,United States,US-CA-081,California,San Mateo,Windy Hill OSP,37.3626535,-122.2298956,Adult Male – 1,Call,Not Used,"","",,,Zoom F3,Wildtronics Pro Mono Parabolic Microphone,Standard .060 Polycarbonate Parabola,,S204849205,"",,,,,Melanerpes formicivorus,acowoo,Species,11036,,4.00,1,"",,
627274788,Audio,California Scrub-Jay,Aphelocoma californica,,Rodrigo Dueñas,2024-12-08,2024,12,8,714,United States,US-CA-081,California,San Mateo,Windy Hill OSP,37.3626535,-122.2298956,Unknown – 1,Call,Not Used,"","",,,Zoom F3,Wildtronics Pro Mono Parabolic Microphone,Standard .060 Polycarbonate Parabola,,S204849205,"",,,,,Aphelocoma californica,cowscj1,Species,21075,,3.00,1,"",,
627274791,Audio,California Quail,Callipepla californica,,Rodrigo Dueñas,2024-12-08,2024,12,8,714,United States,US-CA-081,California,San Mateo,Windy Hill OSP,37.3626535,-122.2298956,Unknown – 1,Call,Not Used,"","",,,Zoom F3,Wildtronics Pro Mono Parabolic Microphone,Standard .060 Polycarbonate Parabola,,S204849205,"",,,,,Callipepla californica,calqua,Species,1064,,1.00,1,"",,
627219491,Audio,"Nuttall's Woodpecker",Dryobates nuttallii,,Rodrigo Dueñas,2024-12-07,2024,12,7,655,United States,US-CA-085,California,Santa Clara,McClellan Ranch Preserve,37.3140655,-122.0630121,Unknown – 1,Call,Not Used,"","",,,Zoom F3,Wildtronics Pro Mono Parabolic Microphone,Standard .060 Polycarbonate Parabola,,S204701057,"",,,"ID by sound, another individual ",,Dryobates nuttallii,nutwoo,Species,11297,,4.50,2,"",,
627219404,Audio,House Finch,Haemorhous mexicanus,Baeolophus inornatus -- Oak Titmouse,Rodrigo Dueñas,2024-12-07,2024,12,7,655,United States,US-CA-085,California,Santa Clara,McClellan Ranch Preserve,37.3140655,-122.0630121,Unknown – 2,"Call; Foraging or Eating",Not Used,"","",,,Zoom F3,Wildtronics Pro Mono Parabolic Microphone,Standard .060 Polycarbonate Parabola,,S204701057,"",,,,,Haemorhous mexicanus,houfin,Species,32034,,3.00,1,"",,
627219402,Audio,Oak Titmouse,Baeolophus inornatus,,Rodrigo Dueñas,2024-12-07,2024,12,7,655,United States,US-CA-085,California,Santa Clara,McClellan Ranch Preserve,37.3140655,-122.0630121,Adult – 1,"",Not Used,"","",,,Zoom F3,Wildtronics Pro Mono Parabolic Microphone,Standard .060 Polycarbonate Parabola,,S204701057,"",,,"ID by sight; near the road, by the feeders",,Baeolophus inornatus,oaktit,Species,21926,,3.00,1,"",,
627219401,Audio,Oak Titmouse,Baeolophus inornatus,,Rodrigo Dueñas,2024-12-07,2024,12,7,655,United States,US-CA-085,California,Santa Clara,McClellan Ranch Preserve,37.3140655,-122.0630121,Adult – 1,"",Not Used,"","",,,Zoom F3,Wildtronics Pro Mono Parabolic Microphone,Standard .060 Polycarbonate Parabola,,S204701057,"",,,"ID by sight; near the road, near the feeders",,Baeolophus inornatus,oaktit,Species,21926,,3.00,1,"",,
627219397,Audio,Dark-eyed Junco (Oregon),Junco hyemalis [oreganus Group],,Rodrigo Dueñas,2024-12-07,2024,12,7,655,United States,US-CA-085,California,Santa Clara,McClellan Ranch Preserve,37.3140655,-122.0630121,Unknown – 1,Call,Not Used,"","",,,Zoom F3,Wildtronics Pro Mono Parabolic Microphone,Standard .060 Polycarbonate Parabola,,S204701057,"",,,"ID by sight; by the feeders near the road",,Junco hyemalis,orejun,Group,32848,,3.00,1,"",,
627219392,Audio,House Finch,Haemorhous mexicanus,Zonotrichia atricapilla -- Golden-crowned Sparrow,Rodrigo Dueñas,2024-12-07,2024,12,7,655,United States,US-CA-085,California,Santa Clara,McClellan Ranch Preserve,37.3140655,-122.0630121,Unknown – 6,"",Not Used,"","",,,Zoom F3,Wildtronics Pro Mono Parabolic Microphone,Standard .060 Polycarbonate Parabola,,S204701057,"",,,"ID by sight; near the road, by the feeders",,Haemorhous mexicanus,houfin,Species,32034,,3.00,1,"",,
627219362,Audio,Golden-crowned Sparrow,Zonotrichia atricapilla,,Rodrigo Dueñas,2024-12-07,2024,12,7,655,United States,US-CA-085,California,Santa Clara,McClellan Ranch Preserve,37.3140655,-122.0630121,Unknown – 2,Call,Not Used,"","",,,Zoom F3,Wildtronics Pro Mono Parabolic Microphone,Standard .060 Polycarbonate Parabola,,S204701057,"",,,"ID by sight and sound; by the feeders",,Zonotrichia atricapilla,gocspa,Species,32914,,3.00,1,"",,
627219360,Audio,Dark-eyed Junco (Oregon),Junco hyemalis [oreganus Group],,Rodrigo Dueñas,2024-12-07,2024,12,7,655,United States,US-CA-085,California,Santa Clara,McClellan Ranch Preserve,37.3140655,-122.0630121,Unknown – 2,Call,Not Used,"","",,,Zoom F3,Wildtronics Pro Mono Parabolic Microphone,Standard .060 Polycarbonate Parabola,,S204701057,"",,,"ID by sight; by the feeders",,Junco hyemalis,orejun,Group,32848,,3.00,1,"",,
627219358,Audio,Chestnut-backed Chickadee,Poecile rufescens,,Rodrigo Dueñas,2024-12-07,2024,12,7,655,United States,US-CA-085,California,Santa Clara,McClellan Ranch Preserve,37.3140655,-122.0630121,Adult – 2,"Call; Foraging or Eating",Not Used,"","",,,Zoom F3,Wildtronics Pro Mono Parabolic Microphone,Standard .060 Polycarbonate Parabola,,S204701057,"",,,"ID by sight, with multiple species near the road, by the feeders",,Poecile rufescens,chbchi,Species,21870,,2.00,1,"",,
627219355,Audio,Acorn Woodpecker,Melanerpes formicivorus,,Rodrigo Dueñas,2024-12-07,2024,12,7,655,United States,US-CA-085,California,Santa Clara,McClellan Ranch Preserve,37.3140655,-122.0630121,Male – 1,Call,Not Used,"","",,,Zoom F3,Wildtronics Pro Mono Parabolic Microphone,Standard .060 Polycarbonate Parabola,,S204701057,"",,,ID by sight and sound,,Melanerpes formicivorus,acowoo,Species,11036,,4.00,1,"",,
627219348,Audio,Hairy Woodpecker,Dryobates villosus,Poecile rufescens -- Chestnut-backed Chickadee,Rodrigo Dueñas,2024-12-07,2024,12,7,655,United States,US-CA-085,California,Santa Clara,McClellan Ranch Preserve,37.3140655,-122.0630121,Male – 1,Call,Not Used,"","",,,Zoom F3,Wildtronics Pro Mono Parabolic Microphone,Standard .060 Polycarbonate Parabola,,S204701057,"",,,ID by sight,,Dryobates villosus,haiwoo,Species,11314,,2.00,1,"",,
627219338,Audio,Golden-crowned Sparrow,Zonotrichia atricapilla,,Rodrigo Dueñas,2024-12-07,2024,12,7,655,United States,US-CA-085,California,Santa Clara,McClellan Ranch Preserve,37.3140655,-122.0630121,Unknown – 1,Call,Unspecified,"","",,,Zoom F3,Wildtronics Pro Mono Parabolic Microphone,Standard .060 Polycarbonate Parabola,,S204701057,"",,,ID by sight and sound,,Zonotrichia atricapilla,gocspa,Species,32914,,4.00,1,"",,
627219292,Audio,Mourning Dove,Zenaida macroura,,Rodrigo Dueñas,2024-12-07,2024,12,7,655,United States,US-CA-085,California,Santa Clara,McClellan Ranch Preserve,37.3140655,-122.0630121,Adult – 2,Foraging or Eating,Not Used,"","",,,Zoom F3,Wildtronics Pro Mono Parabolic Microphone,Standard .060 Polycarbonate Parabola,,S204701057,"",,,"ID by sight; wing sound",,Zenaida macroura,moudov,Species,2373,,1.00,1,"",,
627219278,Audio,Spotted Towhee (oregonus Group),Pipilo maculatus [oregonus Group],"Calypte anna -- Anna's Hummingbird",Rodrigo Dueñas,2024-12-07,2024,12,7,655,United States,US-CA-085,California,Santa Clara,McClellan Ranch Preserve,37.3140655,-122.0630121,"Adult Female – 1; Adult Male – 1","Call; Foraging or Eating",Not Used,"","",,,Zoom F3,Wildtronics Pro Mono Parabolic Microphone,Standard .060 Polycarbonate Parabola,,S204701057,"",,,ID by sight near a pair of California Towhees,,Pipilo maculatus,spotow1,Group,33109,,3.00,1,"",,
627219279,Audio,Spotted Towhee (oregonus Group),Pipilo maculatus [oregonus Group],,Rodrigo Dueñas,2024-12-07,2024,12,7,655,United States,US-CA-085,California,Santa Clara,McClellan Ranch Preserve,37.3140655,-122.0630121,Unknown – 1,Foraging or Eating,Not Used,"","",,,Zoom F3,Wildtronics Pro Mono Parabolic Microphone,Standard .060 Polycarbonate Parabola,,S204701057,"",,,ID by sight a third individual,,Pipilo maculatus,spotow1,Group,33109,,3.00,1,"",,
627219266,Audio,"Anna's Hummingbird",Calypte anna,,Rodrigo Dueñas,2024-12-07,2024,12,7,655,United States,US-CA-085,California,Santa Clara,McClellan Ranch Preserve,37.3140655,-122.0630121,"Adult Male – 1; Adult – 1",Call,Not Used,"","",,,Zoom F3,Wildtronics Pro Mono Parabolic Microphone,Standard .060 Polycarbonate Parabola,,S204701057,"",,,ID by sight,,Calypte anna,annhum,Species,4758,,3.00,1,"",,
627219259,Audio,White-breasted Nuthatch (Pacific),Sitta carolinensis aculeata/alexandrae,,Rodrigo Dueñas,2024-12-07,2024,12,7,655,United States,US-CA-085,California,Santa Clara,McClellan Ranch Preserve,37.3140655,-122.0630121,Unknown – 1,Call,Not Used,"","",,,Zoom F3,Wildtronics Pro Mono Parabolic Microphone,Standard .060 Polycarbonate Parabola,,S204701057,"",,,ID by sound,,Sitta carolinensis,whbnut4,Group,26649,,2.00,1,"",,
627219250,Audio,Acorn Woodpecker,Melanerpes formicivorus,,Rodrigo Dueñas,2024-12-07,2024,12,7,655,United States,US-CA-085,California,Santa Clara,McClellan Ranch Preserve,37.3140655,-122.0630121,Male – 1,Call,Not Used,"","",,,Zoom F3,Wildtronics Pro Mono Parabolic Microphone,Standard .060 Polycarbonate Parabola,,S204701057,"",,,ID by sight and sound,,Melanerpes formicivorus,acowoo,Species,11036,,3.00,1,"",,
627219242,Audio,Ruby-crowned Kinglet,Corthylio calendula,,Rodrigo Dueñas,2024-12-07,2024,12,7,655,United States,US-CA-085,California,Santa Clara,McClellan Ranch Preserve,37.3140655,-122.0630121,Adult Male – 1,"Call; Foraging or Eating",Not Used,"","",,,Zoom F3,Wildtronics Pro Mono Parabolic Microphone,Standard .060 Polycarbonate Parabola,,S204701057,"",,,ID by sight,,Corthylio calendula,ruckin,Species,26595,,4.00,1,"",,
627219231,Audio,"Nuttall's Woodpecker",Dryobates nuttallii,,Rodrigo Dueñas,2024-12-07,2024,12,7,655,United States,US-CA-085,California,Santa Clara,McClellan Ranch Preserve,37.3140655,-122.0630121,Unknown – 1,Call,Not Used,"","",,,Zoom F3,Wildtronics Pro Mono Parabolic Microphone,Standard .060 Polycarbonate Parabola,,S204701057,"",,,Different individual from the other recording,,Dryobates nuttallii,nutwoo,Species,11297,,3.00,1,"",,
627219229,Audio,"Nuttall's Woodpecker",Dryobates nuttallii,Catharus guttatus -- Hermit Thrush,Rodrigo Dueñas,2024-12-07,2024,12,7,655,United States,US-CA-085,California,Santa Clara,McClellan Ranch Preserve,37.3140655,-122.0630121,Unknown – 1,Call,Not Used,"","",,,Zoom F3,Wildtronics Pro Mono Parabolic Microphone,Standard .060 Polycarbonate Parabola,,S204701057,"",,,ID by sound,,Dryobates nuttallii,nutwoo,Species,11297,,3.00,1,"",,
627219226,Audio,Hermit Thrush,Catharus guttatus,"Dryobates nuttallii -- Nuttall's Woodpecker",Rodrigo Dueñas,2024-12-07,2024,12,7,655,United States,US-CA-085,California,Santa Clara,McClellan Ranch Preserve,37.3140655,-122.0630121,Unknown – 1,Call,Not Used,"","",,,Zoom F3,Wildtronics Pro Mono Parabolic Microphone,Standard .060 Polycarbonate Parabola,,S204701057,"",,,"ID by sight and sound; close to a Nuttal's woodpecker",,Catharus guttatus,herthr,Species,28081,,4.00,1,"",,
627219221,Audio,Dark-eyed Junco (Oregon),Junco hyemalis [oreganus Group],,Rodrigo Dueñas,2024-12-07,2024,12,7,655,United States,US-CA-085,California,Santa Clara,McClellan Ranch Preserve,37.3140655,-122.0630121,Unknown – 1,Call,Unspecified,"","",,,Zoom F3,Wildtronics Pro Mono Parabolic Microphone,Standard .060 Polycarbonate Parabola,,S204701057,"",,,ID by sight,,Junco hyemalis,orejun,Group,32848,,3.00,1,"",,
627219214,Audio,California Towhee,Melozone crissalis,,Rodrigo Dueñas,2024-12-07,2024,12,7,655,United States,US-CA-085,California,Santa Clara,McClellan Ranch Preserve,37.3140655,-122.0630121,Adult – 2,"Call; Foraging or Eating",Not Used,"","",,,Zoom F3,Wildtronics Pro Mono Parabolic Microphone,Standard .060 Polycarbonate Parabola,,S204701057,"",,,ID by sight,,Melozone crissalis,caltow,Species,33068,,5.00,1,"",,
627114479,Photo,Western Bluebird,Sialia mexicana,,Rodrigo Dueñas,2024-12-04,2024,12,4,1608,United States,US-CA-085,California,Santa Clara,"O'Connor Park",37.3208798,-121.9124965,"",,Unspecified,"","",,,,,,,S204487401,"",,,,,Sialia mexicana,wesblu,Species,27891,,2.00,1,,3072,4080
626996611,Photo,Mallard,Anas platyrhynchos,Fulica americana -- American Coot,Rodrigo Dueñas,2024-11-17,2024,11,17,719,United States,US-CA-001,California,Alameda,Coyote Hills Regional Park,37.5537640,-122.0875025,Adult Male – 1,,Unspecified,"","",,,,,,,S202811385,"",,,,,Anas platyrhynchos,mallar3,Species,525,,3.00,1,,3072,4080
626996607,Photo,Wild Turkey,Meleagris gallopavo,,Rodrigo Dueñas,2024-11-17,2024,11,17,719,United States,US-CA-001,California,Alameda,Coyote Hills Regional Park,37.5537640,-122.0875025,Unknown – 2,,Unspecified,"","",,,,,,,S202811385,"",,,,,Meleagris gallopavo,wiltur,Species,1242,,3.00,1,,3072,4080
626996488,Photo,Common Gallinule,Gallinula galeata,,Rodrigo Dueñas,2024-11-28,2024,11,28,843,United States,US-CA-085,California,Santa Clara,Sunnyvale WPCP (please use a more specific hotspot where possible),37.4198391,-122.0144261,"",,Unspecified,"","",,,,,,,S203889552,"",,,,,Gallinula galeata,comgal1,Species,5411,,2.00,2,,3072,4080
626996435,Photo,Northern Mockingbird,Mimus polyglottos,,Rodrigo Dueñas,2024-11-30,2024,11,30,655,United States,US-CA-085,California,Santa Clara,Mayfield Slough,37.4508430,-122.1023512,"",,Unspecified,"","",,,,,,,S204068913,"",,,,,Mimus polyglottos,normoc,Species,27870,,1.00,1,,3072,4080
626996413,Photo,Turkey Vulture (Northern),Cathartes aura [aura Group],,Rodrigo Dueñas,2024-11-30,2024,11,30,806,United States,US-CA-085,California,Santa Clara,Palo Alto Baylands,37.4591670,-122.1044500,"",,Unspecified,"","",,,,,,,S204074627,"",,,,,Cathartes aura,turvul2,Group,7721,,2.00,1,,3072,4080
626996407,Photo,Turkey Vulture (Northern),Cathartes aura [aura Group],,Rodrigo Dueñas,2024-11-30,2024,11,30,806,United States,US-CA-085,California,Santa Clara,Palo Alto Baylands,37.4591670,-122.1044500,"",,Unspecified,"","",,,,,,,S204074627,"",,,,,Cathartes aura,turvul2,Group,7721,,3.00,1,,4080,3072
626996238,Photo,Northern Flicker,Colaptes auratus,,Rodrigo Dueñas,2024-12-01,2024,12,1,750,United States,US-CA-085,California,Santa Clara,Joseph D. Grant CP--Grant Lake,37.3436434,-121.7172099,"",,Unspecified,"","",,,,,,,S204217558,"",,,,,Colaptes auratus,norfli,Species,11785,,1.00,1,,4080,3072
626996232,Photo,Great Blue Heron,Ardea herodias,,Rodrigo Dueñas,2024-12-01,2024,12,1,750,United States,US-CA-085,California,Santa Clara,Joseph D. Grant CP--Grant Lake,37.3436434,-121.7172099,"",,Unspecified,"","",,,,,,,S204217558,"",,,,,Ardea herodias,grbher3,Species,7658,,3.50,2,,4080,3072
626996180,Photo,White-tailed Kite,Elanus leucurus,,Rodrigo Dueñas,2024-12-01,2024,12,1,750,United States,US-CA-085,California,Santa Clara,Joseph D. Grant CP--Grant Lake,37.3436434,-121.7172099,"",,Unspecified,"","",,,,,,,S204217558,"",,,,,Elanus leucurus,whtkit,Species,7748,,2.00,1,,4080,3072
626996162,Photo,White-tailed Kite,Elanus leucurus,,Rodrigo Dueñas,2024-12-01,2024,12,1,750,United States,US-CA-085,California,Santa Clara,Joseph D. Grant CP--Grant Lake,37.3436434,-121.7172099,"",,Unspecified,"","",,,,,,,S204217558,"",,,,,Elanus leucurus,whtkit,Species,7748,,2.00,1,,4080,3072
626996149,Photo,White-tailed Kite,Elanus leucurus,,Rodrigo Dueñas,2024-12-01,2024,12,1,750,United States,US-CA-085,California,Santa Clara,Joseph D. Grant CP--Grant Lake,37.3436434,-121.7172099,"",,Unspecified,"","",,,,,,,S204217558,"",,,,,Elanus leucurus,whtkit,Species,7748,,2.00,2,,4080,3072
626995552,Audio,"Steller's Jay",Cyanocitta stelleri,,Rodrigo Dueñas,2024-12-01,2024,12,1,750,United States,US-CA-085,California,Santa Clara,Joseph D. Grant CP--Grant Lake,37.3436434,-121.7172099,Unknown – 1,Call,Not Used,"","",,,Zoom F3,Wildtronics Pro Mono Parabolic Microphone,Standard .060 Polycarbonate Parabola,,S204217558,"",,,Inside of the small forest near McCreery Lake,,Cyanocitta stelleri,stejay,Species,21046,,4.00,1,"",,
626995524,Audio,California Quail,Callipepla californica,,Rodrigo Dueñas,2024-12-01,2024,12,1,750,United States,US-CA-085,California,Santa Clara,Joseph D. Grant CP--Grant Lake,37.3436434,-121.7172099,Adult Male,"",Not Used,"","",,,Zoom F3,Wildtronics Pro Mono Parabolic Microphone,Standard .060 Polycarbonate Parabola,,S204217558,"",,,ID by sight,,Callipepla californica,calqua,Species,1064,,3.50,2,"",,
626995523,Audio,California Quail,Callipepla californica,,Rodrigo Dueñas,2024-12-01,2024,12,1,750,United States,US-CA-085,California,Santa Clara,Joseph D. Grant CP--Grant Lake,37.3436434,-121.7172099,Adult Male – 2,Call,Not Used,"","",,,Zoom F3,Wildtronics Pro Mono Parabolic Microphone,Standard .060 Polycarbonate Parabola,,S204217558,"",,,ID by sight,,Callipepla californica,calqua,Species,1064,,3.00,1,"",,
626995519,Audio,Oak Titmouse,Baeolophus inornatus,,Rodrigo Dueñas,2024-12-01,2024,12,1,750,United States,US-CA-085,California,Santa Clara,Joseph D. Grant CP--Grant Lake,37.3436434,-121.7172099,Unknown,Call,Not Used,"","",,,Zoom F3,Wildtronics Pro Mono Parabolic Microphone,Standard .060 Polycarbonate Parabola,,S204217558,"",,,ID by sound,,Baeolophus inornatus,oaktit,Species,21926,,4.00,1,"",,
626995518,Audio,Oak Titmouse,Baeolophus inornatus,,Rodrigo Dueñas,2024-12-01,2024,12,1,750,United States,US-CA-085,California,Santa Clara,Joseph D. Grant CP--Grant Lake,37.3436434,-121.7172099,Unknown – 1,Call,Not Used,"","",,,Zoom F3,Wildtronics Pro Mono Parabolic Microphone,Standard .060 Polycarbonate Parabola,,S204217558,"",,,"ID by sound, was able to see a few individuals but not this one",,Baeolophus inornatus,oaktit,Species,21926,,3.00,1,"",,
626995507,Audio,Wrentit,Chamaea fasciata,,Rodrigo Dueñas,2024-12-01,2024,12,1,750,United States,US-CA-085,California,Santa Clara,Joseph D. Grant CP--Grant Lake,37.3436434,-121.7172099,Unknown – 1,Song,Not Used,"","",,,Zoom F3,Wildtronics Pro Mono Parabolic Microphone,Standard .060 Polycarbonate Parabola,,S204217558,"",,,ID by sight,,Chamaea fasciata,wrenti,Species,25194,,2.00,1,"",,
626995498,Audio,American Crow,Corvus brachyrhynchos,,Rodrigo Dueñas,2024-12-01,2024,12,1,750,United States,US-CA-085,California,Santa Clara,Joseph D. Grant CP--Grant Lake,37.3436434,-121.7172099,Unknown,"",Not Used,"","",,,Zoom F3,Wildtronics Pro Mono Parabolic Microphone,Standard .060 Polycarbonate Parabola,,S204217558,"",,,"Multiple individuals seen, just one recorded",,Corvus brachyrhynchos,amecro,Species,21333,,3.00,1,"",,
626995496,Audio,White-tailed Kite,Elanus leucurus,,Rodrigo Dueñas,2024-12-01,2024,12,1,750,United States,US-CA-085,California,Santa Clara,Joseph D. Grant CP--Grant Lake,37.3436434,-121.7172099,Unknown – 2,Call,Not Used,"","",,,Zoom F3,Wildtronics Pro Mono Parabolic Microphone,Standard .060 Polycarbonate Parabola,,S204217558,"",,,"ID by sight, being harassed by a crow",,Elanus leucurus,whtkit,Species,7748,,2.00,1,"",,
626995488,Audio,Spotted Towhee,Pipilo maculatus,,Rodrigo Dueñas,2024-12-01,2024,12,1,750,United States,US-CA-085,California,Santa Clara,Joseph D. Grant CP--Grant Lake,37.3436434,-121.7172099,Unknown,Call,Not Used,"","",,,Zoom F3,Wildtronics Pro Mono Parabolic Microphone,Standard .060 Polycarbonate Parabola,,S204217558,"",,,"ID by sound, wasn't able to see it.",,Pipilo maculatus,spotow,Species,33108,,3.00,2,"",,
626995461,Audio,California Thrasher,Toxostoma redivivum,,Rodrigo Dueñas,2024-12-01,2024,12,1,750,United States,US-CA-085,California,Santa Clara,Joseph D. Grant CP--Grant Lake,37.3436434,-121.7172099,Unknown – 1,Call,Used,"","",,,Zoom F3,Wildtronics Pro Mono Parabolic Microphone,Standard .060 Polycarbonate Parabola,,S204217558,"",,,"Used playback to have another thrasher come closer, multiple recordings of the same individual are attached",,Toxostoma redivivum,calthr,Species,27812,,4.00,1,"",,
626995460,Audio,California Thrasher,Toxostoma redivivum,,Rodrigo Dueñas,2024-12-01,2024,12,1,750,United States,US-CA-085,California,Santa Clara,Joseph D. Grant CP--Grant Lake,37.3436434,-121.7172099,Unknown – 1,"",Not Used,"","",,,Zoom F3,Wildtronics Pro Mono Parabolic Microphone,Standard .060 Polycarbonate Parabola,,S204217558,"",,,Seen near Grant Lake,,Toxostoma redivivum,calthr,Species,27812,,2.00,1,"",,
626995454,Audio,Pied-billed Grebe,Podilymbus podiceps,,Rodrigo Dueñas,2024-12-01,2024,12,1,750,United States,US-CA-085,California,Santa Clara,Joseph D. Grant CP--Grant Lake,37.3436434,-121.7172099,Unknown – 2,Call,Not Used,"","",,,Zoom F3,Wildtronics Pro Mono Parabolic Microphone,Standard .060 Polycarbonate Parabola,,S204217558,"",,,ID by sight,,Podilymbus podiceps,pibgre,Species,6776,,4.00,1,"",,
626995447,Audio,Northern Shoveler,Spatula clypeata,"Sayornis nigricans [nigricans Group] -- Black Phoebe (Northern); Corvus brachyrhynchos -- American Crow",Rodrigo Dueñas,2024-12-01,2024,12,1,750,United States,US-CA-085,California,Santa Clara,Joseph D. Grant CP--Grant Lake,37.3436434,-121.7172099,"Adult Female; Adult Male",Foraging or Eating,Not Used,"","",,,Zoom F3,Wildtronics Pro Mono Parabolic Microphone,Standard .060 Polycarbonate Parabola,,S204217558,"",,,"ID by sight , multiple individuals in the lake",,Spatula clypeata,norsho,Species,483,,3.50,2,"",,
626995445,Audio,Black Phoebe (Northern),Sayornis nigricans [nigricans Group],,Rodrigo Dueñas,2024-12-01,2024,12,1,750,United States,US-CA-085,California,Santa Clara,Joseph D. Grant CP--Grant Lake,37.3436434,-121.7172099,Unknown – 1,"",Not Used,"","",,,Zoom F3,Wildtronics Pro Mono Parabolic Microphone,Standard .060 Polycarbonate Parabola,,S204217558,"",,,ID by sight,,Sayornis nigricans,blkpho1,Group,16832,,3.00,1,"",,
626995436,Audio,Ruby-crowned Kinglet,Corthylio calendula,,Rodrigo Dueñas,2024-12-01,2024,12,1,750,United States,US-CA-085,California,Santa Clara,Joseph D. Grant CP--Grant Lake,37.3436434,-121.7172099,Adult Male – 1,"Call; Foraging or Eating",Not Used,"","",,,Zoom F3,Wildtronics Pro Mono Parabolic Microphone,Standard .060 Polycarbonate Parabola,,S204217558,"",,,ID by sight,,Corthylio calendula,ruckin,Species,26595,,3.00,1,"",,
626995435,Audio,Ruby-crowned Kinglet,Corthylio calendula,,Rodrigo Dueñas,2024-12-01,2024,12,1,750,United States,US-CA-085,California,Santa Clara,Joseph D. Grant CP--Grant Lake,37.3436434,-121.7172099,Unknown – 1,Call,Not Used,"","",,,Zoom F3,Wildtronics Pro Mono Parabolic Microphone,Standard .060 Polycarbonate Parabola,,S204217558,"",,,ID by sight + sound,,Corthylio calendula,ruckin,Species,26595,,4.00,1,"",,
626995430,Audio,Acorn Woodpecker,Melanerpes formicivorus,,Rodrigo Dueñas,2024-12-01,2024,12,1,750,United States,US-CA-085,California,Santa Clara,Joseph D. Grant CP--Grant Lake,37.3436434,-121.7172099,Male – 1,Call,Not Used,"","",,,Zoom F3,Wildtronics Pro Mono Parabolic Microphone,Standard .060 Polycarbonate Parabola,,S204217558,"",,,"Recorded at the top of a tree, there were a few other woodpeckers knocking on a tree ",,Melanerpes formicivorus,acowoo,Species,11036,,2.00,1,"",,
626995429,Audio,Acorn Woodpecker,Melanerpes formicivorus,,Rodrigo Dueñas,2024-12-01,2024,12,1,750,United States,US-CA-085,California,Santa Clara,Joseph D. Grant CP--Grant Lake,37.3436434,-121.7172099,"","",Not Used,"","",,,Zoom F3,Wildtronics Pro Mono Parabolic Microphone,Standard .060 Polycarbonate Parabola,,S204217558,"",,,ID by sight / sound,,Melanerpes formicivorus,acowoo,Species,11036,,3.00,1,"",,
626995416,Audio,Bushtit (Pacific),Psaltriparus minimus [minimus Group],,Rodrigo Dueñas,2024-12-01,2024,12,1,750,United States,US-CA-085,California,Santa Clara,Joseph D. Grant CP--Grant Lake,37.3436434,-121.7172099,"",Call,Not Used,"","",,,Zoom F3,Wildtronics Pro Mono Parabolic Microphone,Standard .060 Polycarbonate Parabola,,S204217558,"",,,ID by sight,,Psaltriparus minimus,bushti1,Group,25019,,2.00,1,"",,
626995415,Audio,Bushtit (Pacific),Psaltriparus minimus [minimus Group],,Rodrigo Dueñas,2024-12-01,2024,12,1,750,United States,US-CA-085,California,Santa Clara,Joseph D. Grant CP--Grant Lake,37.3436434,-121.7172099,Unknown – 4,Call,Not Used,"","",,,Zoom F3,Wildtronics Pro Mono Parabolic Microphone,Standard .060 Polycarbonate Parabola,,S204217558,"",,,"ID by sight, near the Grant Lake Parking lot, background noise of a plane flying over.",,Psaltriparus minimus,bushti1,Group,25019,,2.00,1,"",,
626917204,Audio,Marsh Wren,Cistothorus palustris,,Rodrigo Dueñas,2024-11-30,2024,11,30,806,United States,US-CA-085,California,Santa Clara,Palo Alto Baylands,37.4591670,-122.1044500,Unknown – 1,Foraging or Eating,Not Used,"","",,,Zoom F3,Wildtronics Pro Mono Parabolic Microphone,Standard .060 Polycarbonate Parabola,,S204074627,"",,,"ID by sight, same bridge as the house finches and the rail",,Cistothorus palustris,marwre,Species,27088,,3.00,1,"",,
626917191,Audio,"Anna's Hummingbird",Calypte anna,,Rodrigo Dueñas,2024-11-30,2024,11,30,806,United States,US-CA-085,California,Santa Clara,Palo Alto Baylands,37.4591670,-122.1044500,Adult Male – 1,"",Not Used,"","",,,Zoom F3,Wildtronics Pro Mono Parabolic Microphone,Standard .060 Polycarbonate Parabola,,S204074627,"",,,ID by sight perched on a tree,,Calypte anna,annhum,Species,4758,,3.00,1,"",,
626917182,Audio,House Finch,Haemorhous mexicanus,,Rodrigo Dueñas,2024-11-30,2024,11,30,806,United States,US-CA-085,California,Santa Clara,Palo Alto Baylands,37.4591670,-122.1044500,"Adult Female; Adult Male",Call,Not Used,"","",,,Zoom F3,Wildtronics Pro Mono Parabolic Microphone,Standard .060 Polycarbonate Parabola,,S204074627,"",,,"By the bridge, multiple individuals",,Haemorhous mexicanus,houfin,Species,32034,,3.00,1,"",,
626917178,Audio,"Ridgway's Rail",Rallus obsoletus,,Rodrigo Dueñas,2024-11-30,2024,11,30,806,United States,US-CA-085,California,Santa Clara,Palo Alto Baylands,37.4591670,-122.1044500,Unknown,Call,Not Used,"","",,,Zoom F3,Wildtronics Pro Mono Parabolic Microphone,Standard .060 Polycarbonate Parabola,,S204074627,"",,,"ID by sound compared to Merlin's reference sound, underneath one of the bridges by the nature center",,Rallus obsoletus,ridrai1,Species,5199,,3.00,1,"",,
626917175,Audio,Greater Yellowlegs,Tringa melanoleuca,Melozone crissalis -- California Towhee,Rodrigo Dueñas,2024-11-30,2024,11,30,806,United States,US-CA-085,California,Santa Clara,Palo Alto Baylands,37.4591670,-122.1044500,Adult – 2,Call,Not Used,"","",,,Zoom F3,Wildtronics Pro Mono Parabolic Microphone,Standard .060 Polycarbonate Parabola,,S204074627,"",,,"ID by sight, the towhees were ID by sight too, was trying to capture the towhees but the signal from the greater yellowlegs became more prevalent",,Tringa melanoleuca,greyel,Species,6092,,3.00,1,"",,
626917174,Audio,Greater Yellowlegs,Tringa melanoleuca,Himantopus mexicanus mexicanus -- Black-necked Stilt (Black-necked),Rodrigo Dueñas,2024-11-30,2024,11,30,806,United States,US-CA-085,California,Santa Clara,Palo Alto Baylands,37.4591670,-122.1044500,Adult – 1,Call,Not Used,"","",,,Zoom F3,Wildtronics Pro Mono Parabolic Microphone,Standard .060 Polycarbonate Parabola,,S204074627,"",,,"ID by sound, in the same pond that the BNS were",,Tringa melanoleuca,greyel,Species,6092,,4.00,1,"",,
626917170,Audio,Black-necked Stilt (Black-necked),Himantopus mexicanus mexicanus,,Rodrigo Dueñas,2024-11-30,2024,11,30,806,United States,US-CA-085,California,Santa Clara,Palo Alto Baylands,37.4591670,-122.1044500,Adult,Call,Not Used,"","",,,Zoom F3,Wildtronics Pro Mono Parabolic Microphone,Standard .060 Polycarbonate Parabola,,S204074627,"",,,"ID by sight, multiple individuals on the pond closets to the bay by the parking lot",,Himantopus mexicanus,bknsti1,Group,5714,,3.00,1,"",,
626915529,Audio,Savannah Sparrow,Passerculus sandwichensis,,Rodrigo Dueñas,2024-11-30,2024,11,30,655,United States,US-CA-085,California,Santa Clara,Mayfield Slough,37.4508430,-122.1023512,Adult – 1,Call,Not Used,"","",,,Zoom F3,Wildtronics Pro Mono Parabolic Microphone,Standard .060 Polycarbonate Parabola,,S204068913,"",,,ID by sound and sight,,Passerculus sandwichensis,savspa,Species,32962,,4.00,1,"",,
626915526,Audio,Willet,Tringa semipalmata,,Rodrigo Dueñas,2024-11-30,2024,11,30,655,United States,US-CA-085,California,Santa Clara,Mayfield Slough,37.4508430,-122.1023512,Unknown – 2,Call,Not Used,"","",,,Zoom F3,Wildtronics Pro Mono Parabolic Microphone,Standard .060 Polycarbonate Parabola,,S204068913,"",,,"ID by sight as a Willet, confirmed with audio, I'm not a 100% confident on the ID ",,Tringa semipalmata,willet1,Species,6085,,4.00,1,"",,
626915523,Audio,American Wigeon,Mareca americana,,Rodrigo Dueñas,2024-11-30,2024,11,30,655,United States,US-CA-085,California,Santa Clara,Mayfield Slough,37.4508430,-122.1023512,"Adult Male; Female",Call,Not Used,"","",,,Zoom F3,Wildtronics Pro Mono Parabolic Microphone,Standard .060 Polycarbonate Parabola,,S204068913,"",,,ID by sight,,Mareca americana,amewig,Species,497,,2.00,1,"",,
626915520,Audio,Northern Shoveler,Spatula clypeata,,Rodrigo Dueñas,2024-11-30,2024,11,30,655,United States,US-CA-085,California,Santa Clara,Mayfield Slough,37.4508430,-122.1023512,"Adult Female; Adult Male",Call,Not Used,"","",,,Zoom F3,Wildtronics Pro Mono Parabolic Microphone,Standard .060 Polycarbonate Parabola,,S204068913,"",,,"ID by sight, multiple adult individuals in the slough",,Spatula clypeata,norsho,Species,483,,3.50,2,"",,
626915514,Audio,Canada Goose,Branta canadensis,,Rodrigo Dueñas,2024-11-30,2024,11,30,655,United States,US-CA-085,California,Santa Clara,Mayfield Slough,37.4508430,-122.1023512,Adult,Call,Not Used,"","",,,Zoom F3,Wildtronics Pro Mono Parabolic Microphone,Standard .060 Polycarbonate Parabola,,S204068913,"",,,ID by sight,,Branta canadensis,cangoo,Species,330,,4.00,1,"",,
626915515,Audio,Canada Goose,Branta canadensis,,Rodrigo Dueñas,2024-11-30,2024,11,30,655,United States,US-CA-085,California,Santa Clara,Mayfield Slough,37.4508430,-122.1023512,Adult,Call,Not Used,"","",,,Zoom F3,Wildtronics Pro Mono Parabolic Microphone,Standard .060 Polycarbonate Parabola,,S204068913,"",,,ID by sight,,Branta canadensis,cangoo,Species,330,,3.00,1,"",,
626843433,Audio,European Starling,Sturnus vulgaris,,Rodrigo Dueñas,2024-11-28,2024,11,28,843,United States,US-CA-085,California,Santa Clara,Sunnyvale WPCP (please use a more specific hotspot where possible),37.4198391,-122.0144261,"",,Unspecified,"","",,,Zoom F3,Wildtronics Pro Mono Parabolic Microphone,Standard .060 Polycarbonate Parabola,,S203889552,"",,,,,Sturnus vulgaris,eursta,Species,27571,,3.00,1,,,
626843432,Audio,European Starling,Sturnus vulgaris,,Rodrigo Dueñas,2024-11-28,2024,11,28,843,United States,US-CA-085,California,Santa Clara,Sunnyvale WPCP (please use a more specific hotspot where possible),37.4198391,-122.0144261,"",,Unspecified,"","",,,Zoom F3,Wildtronics Pro Mono Parabolic Microphone,Standard .060 Polycarbonate Parabola,,S203889552,"",,,,,Sturnus vulgaris,eursta,Species,27571,,3.00,1,,,
626843430,Audio,European Starling,Sturnus vulgaris,Agelaius phoeniceus californicus/mailliardorum -- Red-winged Blackbird (California Bicolored),Rodrigo Dueñas,2024-11-28,2024,11,28,843,United States,US-CA-085,California,Santa Clara,Sunnyvale WPCP (please use a more specific hotspot where possible),37.4198391,-122.0144261,Adult,"Call; Song",Not Used,"","",,,Zoom F3,Wildtronics Pro Mono Parabolic Microphone,Standard .060 Polycarbonate Parabola,,S203889552,"",,,Multiple individuals alongside a couple of red-winged blackbirds,,Sturnus vulgaris,eursta,Species,27571,,3.00,2,"",,
626843431,Audio,European Starling,Sturnus vulgaris,Agelaius phoeniceus californicus/mailliardorum -- Red-winged Blackbird (California Bicolored),Rodrigo Dueñas,2024-11-28,2024,11,28,843,United States,US-CA-085,California,Santa Clara,Sunnyvale WPCP (please use a more specific hotspot where possible),37.4198391,-122.0144261,Unknown,"Call; Song",Not Used,"","",,,Zoom F3,Wildtronics Pro Mono Parabolic Microphone,Standard .060 Polycarbonate Parabola,,S203889552,"",,,Multiple individuals alongside a couple of red-winged blackbirds,,Sturnus vulgaris,eursta,Species,27571,,3.00,1,"",,
626843425,Audio,White-crowned Sparrow,Zonotrichia leucophrys,,Rodrigo Dueñas,2024-11-28,2024,11,28,843,United States,US-CA-085,California,Santa Clara,Sunnyvale WPCP (please use a more specific hotspot where possible),37.4198391,-122.0144261,Adult Male – 1,Song,Unspecified,"","",,,Zoom F3,Wildtronics Pro Mono Parabolic Microphone,Standard .060 Polycarbonate Parabola,,S203889552,"",,,ID by sight,,Zonotrichia leucophrys,whcspa,Species,32905,,3.50,2,"",,
626843422,Audio,"Bewick's Wren",Thryomanes bewickii,,Rodrigo Dueñas,2024-11-28,2024,11,28,843,United States,US-CA-085,California,Santa Clara,Sunnyvale WPCP (please use a more specific hotspot where possible),37.4198391,-122.0144261,Unknown – 1,Call,Unspecified,"","",,,Zoom F3,Wildtronics Pro Mono Parabolic Microphone,Standard .060 Polycarbonate Parabola,,S203889552,"",,,"ID by sound, did not see",,Thryomanes bewickii,bewwre,Species,27121,,3.00,1,"",,
626843418,Audio,"Anna's Hummingbird",Calypte anna,,Rodrigo Dueñas,2024-11-28,2024,11,28,843,United States,US-CA-085,California,Santa Clara,Sunnyvale WPCP (please use a more specific hotspot where possible),37.4198391,-122.0144261,Adult Male,"Courtship, Display, or Copulation",Not Used,"","",,,Zoom F3,Wildtronics Pro Mono Parabolic Microphone,Standard .060 Polycarbonate Parabola,,S203889552,"",,,"ID by sight, included flight sound together with a call at the end towards the 00:15s mark",,Calypte anna,annhum,Species,4758,,3.00,1,"",,
626843369,Audio,White-crowned Sparrow,Zonotrichia leucophrys,Anas platyrhynchos -- Mallard,Rodrigo Dueñas,2024-11-28,2024,11,28,843,United States,US-CA-085,California,Santa Clara,Sunnyvale WPCP (please use a more specific hotspot where possible),37.4198391,-122.0144261,"Adult Female; Adult Male",Song,Not Used,"","",,,Zoom F3,Wildtronics Pro Mono Parabolic Microphone,Standard .060 Polycarbonate Parabola,,S203889552,"",,,ID by sight (the mallard too),,Zonotrichia leucophrys,whcspa,Species,32905,,3.00,1,"",,
626843323,Audio,White-crowned Sparrow,Zonotrichia leucophrys,,Rodrigo Dueñas,2024-11-28,2024,11,28,843,United States,US-CA-085,California,Santa Clara,Sunnyvale WPCP (please use a more specific hotspot where possible),37.4198391,-122.0144261,"Adult Female; Adult Male",Song,Not Used,"","",,,Zoom F3,Wildtronics Pro Mono Parabolic Microphone,Standard .060 Polycarbonate Parabola,,S203889552,"",,,ID by sight,,Zonotrichia leucophrys,whcspa,Species,32905,,3.00,1,"",,
626843308,Audio,Common Gallinule,Gallinula galeata,,Rodrigo Dueñas,2024-11-28,2024,11,28,843,United States,US-CA-085,California,Santa Clara,Sunnyvale WPCP (please use a more specific hotspot where possible),37.4198391,-122.0144261,Adult – 1,Call,Not Used,"","",,,Zoom F3,Wildtronics Pro Mono Parabolic Microphone,Standard .060 Polycarbonate Parabola,,S203889552,"",,,ID by sight,,Gallinula galeata,comgal1,Species,5411,,4.50,2,"",,
626685114,Audio,Zonotrichia sp.,Zonotrichia sp.,,Rodrigo Dueñas,2024-11-24,2024,11,24,645,United States,US-CA-001,California,Alameda,Eden Landing Ecological Reserve,37.5968240,-122.1138096,"",Call,Not Used,"","",,,Zoom F3,Wildtronics Pro Mono Parabolic Microphone,Standard .060 Polycarbonate Parabola,,S203486069,"",,,"ID by sight, unsure of which Zonotrichia it was, couldn't get a clear ID from its call",,Zonotrichia sp.,zonotr1,Spuh,32924,,3.00,1,"",,
626685068,Audio,Great Egret,Ardea alba,,Rodrigo Dueñas,2024-11-24,2024,11,24,645,United States,US-CA-001,California,Alameda,Eden Landing Ecological Reserve,37.5968240,-122.1138096,Adult – 1,Flying,Not Used,"","",,,Zoom F3,Wildtronics Pro Mono Parabolic Microphone,Standard .060 Polycarbonate Parabola,,S203486069,"",,,"ID by sight, call made after bird took off from their resting spot",,Ardea alba,greegr,Species,7635,,4.00,1,"",,
626685039,Audio,peep sp.,Calidris sp. (peep sp.),,Rodrigo Dueñas,2024-11-24,2024,11,24,645,United States,US-CA-001,California,Alameda,Eden Landing Ecological Reserve,37.5968240,-122.1138096,"","",Not Used,"","",,,Zoom F3,Wildtronics Pro Mono Parabolic Microphone,Standard .060 Polycarbonate Parabola,,S203486069,"",,,"Flock of peep, id by sight, unable to identify which peep species",,Calidris sp. (peep sp.),calidr,Spuh,6171,,3.00,1,"",,
626685038,Audio,peep sp.,Calidris sp. (peep sp.),,Rodrigo Dueñas,2024-11-24,2024,11,24,645,United States,US-CA-001,California,Alameda,Eden Landing Ecological Reserve,37.5968240,-122.1138096,"","",Not Used,"","",,,Zoom F3,Wildtronics Pro Mono Parabolic Microphone,Standard .060 Polycarbonate Parabola,,S203486069,"",,,"Flock of peep, id by sight, unable to identify which peep species",,Calidris sp. (peep sp.),calidr,Spuh,6171,,2.00,1,"",,
626685012,Audio,Black-necked Stilt,Himantopus mexicanus,,Rodrigo Dueñas,2024-11-24,2024,11,24,645,United States,US-CA-001,California,Alameda,Eden Landing Ecological Reserve,37.5968240,-122.1138096,"",Call,Not Used,"","",,,Zoom F3,Wildtronics Pro Mono Parabolic Microphone,Standard .060 Polycarbonate Parabola,,S203486069,"",,,ID by sight,,Himantopus mexicanus,bknsti,Species,5713,,3.00,1,"",,
626684975,Audio,Greater Yellowlegs,Tringa melanoleuca,,Rodrigo Dueñas,2024-11-24,2024,11,24,645,United States,US-CA-001,California,Alameda,Eden Landing Ecological Reserve,37.5968240,-122.1138096,"","Call; Foraging or Eating",Not Used,"","",,,Zoom F3,Wildtronics Pro Mono Parabolic Microphone,Standard .060 Polycarbonate Parabola,,S203486069,"",,,ID by sight,,Tringa melanoleuca,greyel,Species,6092,,4.00,1,"",,
626684976,Audio,Greater Yellowlegs,Tringa melanoleuca,,Rodrigo Dueñas,2024-11-24,2024,11,24,645,United States,US-CA-001,California,Alameda,Eden Landing Ecological Reserve,37.5968240,-122.1138096,"","",Not Used,"","",,,Zoom F3,Wildtronics Pro Mono Parabolic Microphone,Standard .060 Polycarbonate Parabola,,S203486069,"",,,ID by sight,,Tringa melanoleuca,greyel,Species,6092,,3.00,2,"",,
626684953,Audio,Marsh Wren,Cistothorus palustris,,Rodrigo Dueñas,2024-11-24,2024,11,24,645,United States,US-CA-001,California,Alameda,Eden Landing Ecological Reserve,37.5968240,-122.1138096,"",Call,Not Used,"","",,,Zoom F3,Wildtronics Pro Mono Parabolic Microphone,Standard .060 Polycarbonate Parabola,,S203486069,"",,,,,Cistothorus palustris,marwre,Species,27088,,4.00,1,"",,
626684938,Audio,Lesser Goldfinch,Spinus psaltria,,Rodrigo Dueñas,2024-11-24,2024,11,24,645,United States,US-CA-001,California,Alameda,Eden Landing Ecological Reserve,37.5968240,-122.1138096,"",Call,Not Used,"","",,,Zoom F3,Wildtronics Pro Mono Parabolic Microphone,Standard .060 Polycarbonate Parabola,,S203486069,"",,,ID by sight,,Spinus psaltria,lesgol,Species,32330,,2.00,1,"",,
626684926,Audio,American Pipit,Anthus rubescens,,Rodrigo Dueñas,2024-11-24,2024,11,24,645,United States,US-CA-001,California,Alameda,Eden Landing Ecological Reserve,37.5968240,-122.1138096,"","",Not Used,"","",,,Zoom F3,Wildtronics Pro Mono Parabolic Microphone,Standard .060 Polycarbonate Parabola,,S203486069,"",,,,,Anthus rubescens,amepip,Species,31605,,4.00,1,"",,
626684924,Audio,American Pipit,Anthus rubescens,,Rodrigo Dueñas,2024-11-24,2024,11,24,645,United States,US-CA-001,California,Alameda,Eden Landing Ecological Reserve,37.5968240,-122.1138096,"","",Not Used,"","",,,Zoom F3,Wildtronics Pro Mono Parabolic Microphone,Standard .060 Polycarbonate Parabola,,S203486069,"",,,,,Anthus rubescens,amepip,Species,31605,,3.00,1,"",,
626684923,Audio,American Pipit,Anthus rubescens,,Rodrigo Dueñas,2024-11-24,2024,11,24,645,United States,US-CA-001,California,Alameda,Eden Landing Ecological Reserve,37.5968240,-122.1138096,"","",Not Used,"","",,,Zoom F3,Wildtronics Pro Mono Parabolic Microphone,Standard .060 Polycarbonate Parabola,,S203486069,"",,,,,Anthus rubescens,amepip,Species,31605,,3.00,1,"",,
626684882,Audio,bird sp.,Aves sp.,,Rodrigo Dueñas,2024-11-24,2024,11,24,645,United States,US-CA-001,California,Alameda,Eden Landing Ecological Reserve,37.5968240,-122.1138096,"","",Not Used,"","",,,Zoom F3,Wildtronics Pro Mono Parabolic Microphone,Standard .060 Polycarbonate Parabola,,S203486069,"",,,"not able to ID this bird , I wasn't able to see it either","recorded a bird which I wasn't able to see, I can't recognize the call either",Aves sp.,bird1,Spuh,35564,,2.00,1,"",,
626684827,Audio,House Finch,Haemorhous mexicanus,,Rodrigo Dueñas,2024-11-24,2024,11,24,645,United States,US-CA-001,California,Alameda,Eden Landing Ecological Reserve,37.5968240,-122.1138096,Adult Male – 1,Call,Not Used,"","",,,Zoom F3,Wildtronics Pro Mono Parabolic Microphone,Standard .060 Polycarbonate Parabola,,S203486069,"",,,,,Haemorhous mexicanus,houfin,Species,32034,,3.00,1,"",,
626684806,Audio,Marsh Wren,Cistothorus palustris,,Rodrigo Dueñas,2024-11-24,2024,11,24,645,United States,US-CA-001,California,Alameda,Eden Landing Ecological Reserve,37.5968240,-122.1138096,Unknown – 1,Call,Not Used,"","",,,Zoom F3,Wildtronics Pro Mono Parabolic Microphone,Standard .060 Polycarbonate Parabola,,S203486069,"",,,,,Cistothorus palustris,marwre,Species,27088,,4.00,1,"",,
626684790,Audio,Willet,Tringa semipalmata,,Rodrigo Dueñas,2024-11-24,2024,11,24,645,United States,US-CA-001,California,Alameda,Eden Landing Ecological Reserve,37.5968240,-122.1138096,Unknown – 1,Call,Not Used,"","",,,Zoom F3,Wildtronics Pro Mono Parabolic Microphone,Standard .060 Polycarbonate Parabola,,S203486069,"",,,ID by sight,,Tringa semipalmata,willet1,Species,6085,,3.00,1,"",,
626684771,Audio,Yellow-rumped Warbler,Setophaga coronata,,Rodrigo Dueñas,2024-11-24,2024,11,24,645,United States,US-CA-001,California,Alameda,Eden Landing Ecological Reserve,37.5968240,-122.1138096,Adult Male – 1,Call,Not Used,"","",,,Zoom F3,Wildtronics Pro Mono Parabolic Microphone,Standard .060 Polycarbonate Parabola,,S203486069,"",,,,,Setophaga coronata,yerwar,Species,33874,,3.00,1,"",,
626684724,Audio,Song Sparrow,Melospiza melodia,,Rodrigo Dueñas,2024-11-24,2024,11,24,645,United States,US-CA-001,California,Alameda,Eden Landing Ecological Reserve,37.5968240,-122.1138096,Adult – 1,"",Not Used,"","",,,Zoom F3,Wildtronics Pro Mono Parabolic Microphone,Standard .060 Polycarbonate Parabola,,S203486069,"",,,,,Melospiza melodia,sonspa,Species,32995,,4.50,2,"",,
626684686,Audio,peep sp.,Calidris sp. (peep sp.),,Rodrigo Dueñas,2024-11-24,2024,11,24,645,United States,US-CA-001,California,Alameda,Eden Landing Ecological Reserve,37.5968240,-122.1138096,"",Flying,Not Used,"","",,,Zoom F3,Wildtronics Pro Mono Parabolic Microphone,Standard .060 Polycarbonate Parabola,,S203486069,"",,,"Flock of peep, id by sight, unable to identify which peep species",,Calidris sp. (peep sp.),calidr,Spuh,6171,,3.00,1,"",,
626684671,Audio,Marsh Wren,Cistothorus palustris,,Rodrigo Dueñas,2024-11-24,2024,11,24,645,United States,US-CA-001,California,Alameda,Eden Landing Ecological Reserve,37.5968240,-122.1138096,Unknown – 1,Call,Not Used,"","",,,Zoom F3,Wildtronics Pro Mono Parabolic Microphone,Standard .060 Polycarbonate Parabola,,S203486069,"",,,ID by sight / call,,Cistothorus palustris,marwre,Species,27088,,5.00,1,"",,
626684646,Audio,"Forster's Tern",Sterna forsteri,,Rodrigo Dueñas,2024-11-24,2024,11,24,645,United States,US-CA-001,California,Alameda,Eden Landing Ecological Reserve,37.5968240,-122.1138096,Adult – 1,"Call; Flying",Not Used,"","",,,Zoom F3,Wildtronics Pro Mono Parabolic Microphone,Standard .060 Polycarbonate Parabola,,S203486069,"",,,ID by sight,,Sterna forsteri,forter,Species,6657,,2.00,1,"",,
626684620,Audio,Savannah Sparrow,Passerculus sandwichensis,Calidris minutilla -- Least Sandpiper,Rodrigo Dueñas,2024-11-24,2024,11,24,645,United States,US-CA-001,California,Alameda,Eden Landing Ecological Reserve,37.5968240,-122.1138096,"",Call,Not Used,"","",,,Zoom F3,Wildtronics Pro Mono Parabolic Microphone,Standard .060 Polycarbonate Parabola,,S203486069,"",,,ID by sight,,Passerculus sandwichensis,savspa,Species,32962,,3.00,1,"",,
626684588,Audio,Long-billed Dowitcher,Limnodromus scolopaceus,,Rodrigo Dueñas,2024-11-24,2024,11,24,645,United States,US-CA-001,California,Alameda,Eden Landing Ecological Reserve,37.5968240,-122.1138096,"","",Not Used,"","",,,Zoom F3,Wildtronics Pro Mono Parabolic Microphone,Standard .060 Polycarbonate Parabola,,S203486069,"",,,ID by sight,,Limnodromus scolopaceus,lobdow,Species,6001,,3.00,1,"",,
626684567,Audio,Black-necked Stilt,Himantopus mexicanus,,Rodrigo Dueñas,2024-11-24,2024,11,24,645,United States,US-CA-001,California,Alameda,Eden Landing Ecological Reserve,37.5968240,-122.1138096,"",Foraging or Eating,Not Used,"","",,,Zoom F3,Wildtronics Pro Mono Parabolic Microphone,Standard .060 Polycarbonate Parabola,,S203486069,"",,,ID by sight,,Himantopus mexicanus,bknsti,Species,5713,,4.00,1,"",,
626618150,Audio,Greater Yellowlegs,Tringa melanoleuca,,Rodrigo Dueñas,2024-11-23,2024,11,23,727,United States,US-CA-001,California,Alameda,Coyote Hills Regional Park,37.5537640,-122.0875025,Adult – 1,"Call; Flying",Not Used,"","",,,Zoom F3,Wildtronics Pro Mono Parabolic Microphone,Standard .060 Polycarbonate Parabola,,S203364471,"",,,,,Tringa melanoleuca,greyel,Species,6092,,3.00,1,"",,
626618148,Audio,White-tailed Kite,Elanus leucurus,,Rodrigo Dueñas,2024-11-23,2024,11,23,727,United States,US-CA-001,California,Alameda,Coyote Hills Regional Park,37.5537640,-122.0875025,"","Call; Flying",Not Used,"","",,,Zoom F3,Wildtronics Pro Mono Parabolic Microphone,Standard .060 Polycarbonate Parabola,,S203364471,"",,,,,Elanus leucurus,whtkit,Species,7748,,4.00,1,"",,
626618143,Audio,Yellow-rumped Warbler,Setophaga coronata,,Rodrigo Dueñas,2024-11-23,2024,11,23,727,United States,US-CA-001,California,Alameda,Coyote Hills Regional Park,37.5537640,-122.0875025,Male – 1,Call,Not Used,"","",,,Zoom F3,Wildtronics Pro Mono Parabolic Microphone,Standard .060 Polycarbonate Parabola,,S203364471,"",,,,,Setophaga coronata,yerwar,Species,33874,,3.00,1,"",,
626618141,Audio,Spotted Towhee,Pipilo maculatus,,Rodrigo Dueñas,2024-11-23,2024,11,23,727,United States,US-CA-001,California,Alameda,Coyote Hills Regional Park,37.5537640,-122.0875025,"",Call,Not Used,"","",,,Zoom F3,Wildtronics Pro Mono Parabolic Microphone,Standard .060 Polycarbonate Parabola,,S203364471,"",,,,,Pipilo maculatus,spotow,Species,33108,,2.00,1,"",,
626618132,Audio,Mallard,Anas platyrhynchos,,Rodrigo Dueñas,2024-11-23,2024,11,23,727,United States,US-CA-001,California,Alameda,Coyote Hills Regional Park,37.5537640,-122.0875025,"Adult Female – 1; Adult Male – 1",Call,Not Used,"","",,,Zoom F3,Wildtronics Pro Mono Parabolic Microphone,Standard .060 Polycarbonate Parabola,,S203364471,"",,,,,Anas platyrhynchos,mallar3,Species,525,,3.00,1,"",,
626618120,Audio,Spotted Towhee,Pipilo maculatus,,Rodrigo Dueñas,2024-11-23,2024,11,23,727,United States,US-CA-001,California,Alameda,Coyote Hills Regional Park,37.5537640,-122.0875025,Adult Male – 1,"",Not Used,"","",,,Zoom F3,Wildtronics Pro Mono Parabolic Microphone,Standard .060 Polycarbonate Parabola,,S203364471,"",,,,,Pipilo maculatus,spotow,Species,33108,,2.00,1,"",,
626618113,Audio,Ruby-crowned Kinglet,Corthylio calendula,,Rodrigo Dueñas,2024-11-23,2024,11,23,727,United States,US-CA-001,California,Alameda,Coyote Hills Regional Park,37.5537640,-122.0875025,Adult Male – 1,Call,Not Used,"","",,,Zoom F3,Wildtronics Pro Mono Parabolic Microphone,Standard .060 Polycarbonate Parabola,,S203364471,"",,,,,Corthylio calendula,ruckin,Species,26595,,3.00,1,"",,
626618112,Audio,Black Phoebe,Sayornis nigricans,,Rodrigo Dueñas,2024-11-23,2024,11,23,727,United States,US-CA-001,California,Alameda,Coyote Hills Regional Park,37.5537640,-122.0875025,Adult – 1,Call,Unspecified,"","",,,Zoom F3,Wildtronics Pro Mono Parabolic Microphone,Standard .060 Polycarbonate Parabola,,S203364471,"",,,,,Sayornis nigricans,blkpho,Species,16831,,5.00,1,"",,
626618108,Audio,Least Sandpiper,Calidris minutilla,,Rodrigo Dueñas,2024-11-23,2024,11,23,727,United States,US-CA-001,California,Alameda,Coyote Hills Regional Park,37.5537640,-122.0875025,Unknown – 6,"",Not Used,"","",,,Zoom F3,Wildtronics Pro Mono Parabolic Microphone,Standard .060 Polycarbonate Parabola,,S203364471,"",,,,,Calidris minutilla,leasan,Species,6162,,4.00,1,"",,
626618074,Audio,Song Sparrow,Melospiza melodia,,Rodrigo Dueñas,2024-11-23,2024,11,23,727,United States,US-CA-001,California,Alameda,Coyote Hills Regional Park,37.5537640,-122.0875025,"",Call,Not Used,"","",,,Zoom F3,Wildtronics Pro Mono Parabolic Microphone,Standard .060 Polycarbonate Parabola,,S203364471,"",,,,,Melospiza melodia,sonspa,Species,32995,,2.50,2,"",,
626618068,Audio,Song Sparrow,Melospiza melodia,Sayornis nigricans -- Black Phoebe,Rodrigo Dueñas,2024-11-23,2024,11,23,727,United States,US-CA-001,California,Alameda,Coyote Hills Regional Park,37.5537640,-122.0875025,Adult – 2,Call,Not Used,"","",,,Zoom F3,Wildtronics Pro Mono Parabolic Microphone,Standard .060 Polycarbonate Parabola,,S203364471,"",,,,,Melospiza melodia,sonspa,Species,32995,,3.00,1,"",,
626618063,Audio,Marsh Wren,Cistothorus palustris,,Rodrigo Dueñas,2024-11-23,2024,11,23,727,United States,US-CA-001,California,Alameda,Coyote Hills Regional Park,37.5537640,-122.0875025,Adult – 1,Call,Not Used,"","",,,Zoom F3,Wildtronics Pro Mono Parabolic Microphone,Standard .060 Polycarbonate Parabola,,S203364471,"",,,ID by sight,,Cistothorus palustris,marwre,Species,27088,,4.00,1,"",,
626618062,Audio,Great Egret (American),Ardea alba egretta,,Rodrigo Dueñas,2024-11-23,2024,11,23,727,United States,US-CA-001,California,Alameda,Coyote Hills Regional Park,37.5537640,-122.0875025,"",Call,Not Used,"","",,,Zoom F3,Wildtronics Pro Mono Parabolic Microphone,Standard .060 Polycarbonate Parabola,,S203364471,"",,,,,Ardea alba,greegr2,Group,7638,,4.00,2,"",,
626617947,Audio,Least Sandpiper,Calidris minutilla,,Rodrigo Dueñas,2024-11-23,2024,11,23,906,United States,US-CA-001,California,Alameda,Coyote Hills Regional Park--D.U.S.T. Trail,37.5603121,-122.0789314,"","Call; Flying",Not Used,"","",,,Zoom F3,Wildtronics Pro Mono Parabolic Microphone,Standard .060 Polycarbonate Parabola,,S203368565,"",,,,,Calidris minutilla,leasan,Species,6162,,3.00,1,"",,
626617940,Audio,Song Sparrow,Melospiza melodia,,Rodrigo Dueñas,2024-11-23,2024,11,23,906,United States,US-CA-001,California,Alameda,Coyote Hills Regional Park--D.U.S.T. Trail,37.5603121,-122.0789314,"",Call,Not Used,"","",,,Zoom F3,Wildtronics Pro Mono Parabolic Microphone,Standard .060 Polycarbonate Parabola,,S203368565,"",,,,,Melospiza melodia,sonspa,Species,32995,,4.00,1,"",,
626617932,Audio,Mallard,Anas platyrhynchos,,Rodrigo Dueñas,2024-11-23,2024,11,23,906,United States,US-CA-001,California,Alameda,Coyote Hills Regional Park--D.U.S.T. Trail,37.5603121,-122.0789314,Adult Male – 1,Call,Not Used,"","",,,Zoom F3,Wildtronics Pro Mono Parabolic Microphone,Standard .060 Polycarbonate Parabola,,S203368565,"",,,,,Anas platyrhynchos,mallar3,Species,525,,3.00,1,"",,
626617929,Audio,Canada Goose,Branta canadensis,,Rodrigo Dueñas,2024-11-23,2024,11,23,906,United States,US-CA-001,California,Alameda,Coyote Hills Regional Park--D.U.S.T. Trail,37.5603121,-122.0789314,"","Flight Call; Flying",Not Used,"","",,,Zoom F3,Wildtronics Pro Mono Parabolic Microphone,Standard .060 Polycarbonate Parabola,,S203368565,"",,,,,Branta canadensis,cangoo,Species,330,,3.00,1,"",,
626617722,Audio,Song Sparrow,Melospiza melodia,,Rodrigo Dueñas,2024-11-23,2024,11,23,906,United States,US-CA-001,California,Alameda,Coyote Hills Regional Park--D.U.S.T. Trail,37.5603121,-122.0789314,"",Call,Not Used,"","",,,Zoom F3,Wildtronics Pro Mono Parabolic Microphone,Standard .060 Polycarbonate Parabola,,S203368565,"",,,,,Melospiza melodia,sonspa,Species,32995,,4.00,1,"",,
626617721,Audio,Song Sparrow,Melospiza melodia,,Rodrigo Dueñas,2024-11-23,2024,11,23,906,United States,US-CA-001,California,Alameda,Coyote Hills Regional Park--D.U.S.T. Trail,37.5603121,-122.0789314,"",Song,Not Used,"","",,,Zoom F3,Wildtronics Pro Mono Parabolic Microphone,Standard .060 Polycarbonate Parabola,,S203368565,"",,,,,Melospiza melodia,sonspa,Species,32995,,2.00,1,"",,
626617690,Audio,Canada Goose,Branta canadensis,,Rodrigo Dueñas,2024-11-23,2024,11,23,727,United States,US-CA-001,California,Alameda,Coyote Hills Regional Park,37.5537640,-122.0875025,"","Flight Call; Flying",Not Used,"","",,,Zoom F3,Wildtronics Pro Mono Parabolic Microphone,Standard .060 Polycarbonate Parabola,,S203364471,"",,,,,Branta canadensis,cangoo,Species,330,,2.00,1,"",,
626617689,Audio,Canada Goose,Branta canadensis,,Rodrigo Dueñas,2024-11-23,2024,11,23,727,United States,US-CA-001,California,Alameda,Coyote Hills Regional Park,37.5537640,-122.0875025,"","Flight Call; Flying",Not Used,"","",,,Zoom F3,Wildtronics Pro Mono Parabolic Microphone,Standard .060 Polycarbonate Parabola,,S203364471,"",,,,,Branta canadensis,cangoo,Species,330,,3.00,1,"",,
626584496,Audio,"Bewick's Wren",Thryomanes bewickii,,Rodrigo Dueñas,2024-11-07,2024,11,7,1606,United States,US-CA-085,California,Santa Clara,Ulistac Natural Area,37.4057129,-121.9552374,"",Call,Not Used,"","",,,Zoom F3,Wildtronics Pro Mono Parabolic Microphone,Standard .060 Polycarbonate Parabola,,S203225147,"",,,ID by sight,,Thryomanes bewickii,bewwre,Species,27121,,2.00,1,"",,
626583978,Audio,Golden-crowned Sparrow,Zonotrichia atricapilla,,Rodrigo Dueñas,2024-11-07,2024,11,7,1606,United States,US-CA-085,California,Santa Clara,Ulistac Natural Area,37.4057129,-121.9552374,"",Call,Not Used,"","",,,Zoom F3,Wildtronics Pro Mono Parabolic Microphone,Standard .060 Polycarbonate Parabola,,S203225147,"",,,,,Zonotrichia atricapilla,gocspa,Species,32914,,2.00,1,"",,
626583867,Audio,Zonotrichia sp.,Zonotrichia sp.,,Rodrigo Dueñas,2024-11-07,2024,11,7,1606,United States,US-CA-085,California,Santa Clara,Ulistac Natural Area,37.4057129,-121.9552374,"","",Not Used,"","",,,Zoom F3,Wildtronics Pro Mono Parabolic Microphone,Standard .060 Polycarbonate Parabola,,S203225147,"",,,"ID by sight as a sparrow either white-throated or white-crowned sparrow, looking for id",,Zonotrichia sp.,zonotr1,Spuh,32924,,2.00,1,"",,
626583611,Audio,Hermit Thrush,Catharus guttatus,,Rodrigo Dueñas,2024-11-07,2024,11,7,1606,United States,US-CA-085,California,Santa Clara,Ulistac Natural Area,37.4057129,-121.9552374,"",Call,Not Used,"","",,,Zoom F3,Wildtronics Pro Mono Parabolic Microphone,Standard .060 Polycarbonate Parabola,,S203225147,"",,,,,Catharus guttatus,herthr,Species,28081,,1.00,1,"",,
626583307,Audio,Northern Mockingbird,Mimus polyglottos,,Rodrigo Dueñas,2024-11-07,2024,11,7,1606,United States,US-CA-085,California,Santa Clara,Ulistac Natural Area,37.4057129,-121.9552374,Unknown – 1,Call,Not Used,"","",,,Zoom F3,Wildtronics Pro Mono Parabolic Microphone,Standard .060 Polycarbonate Parabola,,S203225147,"",,,,,Mimus polyglottos,normoc,Species,27870,,3.00,1,"",,
626583053,Audio,American Crow,Corvus brachyrhynchos,,Rodrigo Dueñas,2024-11-07,2024,11,7,1606,United States,US-CA-085,California,Santa Clara,Ulistac Natural Area,37.4057129,-121.9552374,Adult – 1,Flying,Not Used,"","",,,Zoom F3,Wildtronics Pro Mono Parabolic Microphone,Standard .060 Polycarbonate Parabola,,S203225147,"",,,ID by sight,,Corvus brachyrhynchos,amecro,Species,21333,,3.00,1,"",,
626583047,Audio,"Anna's Hummingbird",Calypte anna,,Rodrigo Dueñas,2024-11-07,2024,11,7,1606,United States,US-CA-085,California,Santa Clara,Ulistac Natural Area,37.4057129,-121.9552374,Unknown – 1,Call,Not Used,"","",,,Zoom F3,Wildtronics Pro Mono Parabolic Microphone,Standard .060 Polycarbonate Parabola,,S203225147,"",,,,,Calypte anna,annhum,Species,4758,,2.00,1,"",,
626559496,Audio,House Finch,Haemorhous mexicanus,,Rodrigo Dueñas,2024-11-07,2024,11,7,700,United States,US-CA-085,California,Santa Clara,"O'Connor Park",37.3208798,-121.9124965,"",Call,Not Used,"","",,,Zoom F3,Wildtronics Pro Mono Parabolic Microphone,Standard .060 Polycarbonate Parabola,,S203227167,"",,,,,Haemorhous mexicanus,houfin,Species,32034,,2.00,1,"",,
626559480,Audio,House Finch,Haemorhous mexicanus,,Rodrigo Dueñas,2024-11-07,2024,11,7,700,United States,US-CA-085,California,Santa Clara,"O'Connor Park",37.3208798,-121.9124965,Adult Male – 1,Call,Not Used,"","",,,Zoom F3,Wildtronics Pro Mono Parabolic Microphone,Standard .060 Polycarbonate Parabola,,S203227167,"",,,,,Haemorhous mexicanus,houfin,Species,32034,,1.00,1,"",,
626559393,Audio,California Scrub-Jay,Aphelocoma californica,,Rodrigo Dueñas,2024-11-07,2024,11,7,1606,United States,US-CA-085,California,Santa Clara,Ulistac Natural Area,37.4057129,-121.9552374,"",Call,Not Used,"","",,,Zoom F3,Wildtronics Pro Mono Parabolic Microphone,Standard .060 Polycarbonate Parabola,,S203225147,"",,,,,Aphelocoma californica,cowscj1,Species,21075,,3.00,1,"",,
626559392,Audio,Ruby-crowned Kinglet,Corthylio calendula,,Rodrigo Dueñas,2024-11-07,2024,11,7,1606,United States,US-CA-085,California,Santa Clara,Ulistac Natural Area,37.4057129,-121.9552374,"",Call,Not Used,"","",,,Zoom F3,Wildtronics Pro Mono Parabolic Microphone,Standard .060 Polycarbonate Parabola,,S203225147,"",,,,,Corthylio calendula,ruckin,Species,26595,,2.00,1,"",,
626559391,Audio,Black Phoebe,Sayornis nigricans,,Rodrigo Dueñas,2024-11-07,2024,11,7,1606,United States,US-CA-085,California,Santa Clara,Ulistac Natural Area,37.4057129,-121.9552374,Unknown – 1,Call,Not Used,"","",,,Zoom F3,Wildtronics Pro Mono Parabolic Microphone,Standard .060 Polycarbonate Parabola,,S203225147,"",,,ID  by sight,,Sayornis nigricans,blkpho,Species,16831,,3.00,1,"",,
626559390,Audio,Black Phoebe,Sayornis nigricans,,Rodrigo Dueñas,2024-11-07,2024,11,7,1606,United States,US-CA-085,California,Santa Clara,Ulistac Natural Area,37.4057129,-121.9552374,Unknown – 1,Call,Not Used,"","",,,Zoom F3,Wildtronics Pro Mono Parabolic Microphone,Standard .060 Polycarbonate Parabola,,S203225147,"",,,ID  by sight,,Sayornis nigricans,blkpho,Species,16831,,1.00,1,"",,
626559387,Audio,"Nuttall's Woodpecker",Dryobates nuttallii,,Rodrigo Dueñas,2024-11-07,2024,11,7,1606,United States,US-CA-085,California,Santa Clara,Ulistac Natural Area,37.4057129,-121.9552374,Unknown – 1,Call,Not Used,"","",,,Zoom F3,Wildtronics Pro Mono Parabolic Microphone,Standard .060 Polycarbonate Parabola,,S203225147,"",,,"ID by sound, wasn't seen",,Dryobates nuttallii,nutwoo,Species,11297,,2.00,1,"",,
626559384,Audio,"Bewick's Wren",Thryomanes bewickii,,Rodrigo Dueñas,2024-11-07,2024,11,7,1606,United States,US-CA-085,California,Santa Clara,Ulistac Natural Area,37.4057129,-121.9552374,"",Call,Not Used,"","",,,Zoom F3,Wildtronics Pro Mono Parabolic Microphone,Standard .060 Polycarbonate Parabola,,S203225147,"",,,ID  by sight,,Thryomanes bewickii,bewwre,Species,27121,,1.00,1,"",,
626559383,Audio,Chestnut-backed Chickadee,Poecile rufescens,,Rodrigo Dueñas,2024-11-07,2024,11,7,1606,United States,US-CA-085,California,Santa Clara,Ulistac Natural Area,37.4057129,-121.9552374,"",Call,Not Used,"","",,,Zoom F3,Wildtronics Pro Mono Parabolic Microphone,Standard .060 Polycarbonate Parabola,,S203225147,"",,,,,Poecile rufescens,chbchi,Species,21870,,2.00,1,"",,
626559382,Audio,Ruby-crowned Kinglet,Corthylio calendula,,Rodrigo Dueñas,2024-11-07,2024,11,7,1606,United States,US-CA-085,California,Santa Clara,Ulistac Natural Area,37.4057129,-121.9552374,"","",Not Used,"","",,,Zoom F3,Wildtronics Pro Mono Parabolic Microphone,Standard .060 Polycarbonate Parabola,,S203225147,"",,,,,Corthylio calendula,ruckin,Species,26595,,3.00,1,"",,
626559381,Audio,House Sparrow,Passer domesticus,,Rodrigo Dueñas,2024-11-07,2024,11,7,1606,United States,US-CA-085,California,Santa Clara,Ulistac Natural Area,37.4057129,-121.9552374,"","",Not Used,"","",,,Zoom F3,Wildtronics Pro Mono Parabolic Microphone,Standard .060 Polycarbonate Parabola,,S203225147,"",,,,,Passer domesticus,houspa,Species,31261,,1.00,1,"",,
626557748,Audio,Killdeer,Charadrius vociferus,,Rodrigo Dueñas,2024-11-09,2024,11,9,727,United States,US-CA-001,California,Alameda,Coyote Hills Regional Park,37.5537640,-122.0875025,"","",Not Used,"","",,,Zoom F3,Wildtronics Pro Mono Parabolic Microphone,Standard .060 Polycarbonate Parabola,,S202974271,"",,,,,Charadrius vociferus,killde,Species,5770,,4.00,1,"",,
626557707,Audio,Common Yellowthroat,Geothlypis trichas,"Anas platyrhynchos -- Mallard; Charadrius vociferus -- Killdeer",Rodrigo Dueñas,2024-11-09,2024,11,9,727,United States,US-CA-001,California,Alameda,Coyote Hills Regional Park,37.5537640,-122.0875025,"","",Not Used,"","",,,Zoom F3,Wildtronics Pro Mono Parabolic Microphone,Standard .060 Polycarbonate Parabola,,S202974271,"",,,,,Geothlypis trichas,comyel,Species,33749,,2.50,2,"",,
626557692,Audio,American Crow,Corvus brachyrhynchos,,Rodrigo Dueñas,2024-11-09,2024,11,9,727,United States,US-CA-001,California,Alameda,Coyote Hills Regional Park,37.5537640,-122.0875025,"",Flying,Not Used,"","",,,Zoom F3,Wildtronics Pro Mono Parabolic Microphone,Standard .060 Polycarbonate Parabola,,S202974271,"",,,,,Corvus brachyrhynchos,amecro,Species,21333,,5.00,1,"",,
626557682,Audio,California Towhee,Melozone crissalis,,Rodrigo Dueñas,2024-11-09,2024,11,9,727,United States,US-CA-001,California,Alameda,Coyote Hills Regional Park,37.5537640,-122.0875025,"","",Not Used,"","",,,Zoom F3,Wildtronics Pro Mono Parabolic Microphone,Standard .060 Polycarbonate Parabola,,S202974271,"",,,,,Melozone crissalis,caltow,Species,33068,,3.00,1,"",,
626557675,Audio,Northern Pintail,Anas acuta,Sayornis nigricans -- Black Phoebe,Rodrigo Dueñas,2024-11-09,2024,11,9,727,United States,US-CA-001,California,Alameda,Coyote Hills Regional Park,37.5537640,-122.0875025,"","",Not Used,"","",,,Zoom F3,Wildtronics Pro Mono Parabolic Microphone,Standard .060 Polycarbonate Parabola,,S202974271,"",,,,,Anas acuta,norpin,Species,571,,2.00,2,"",,
626557653,Audio,Greater Yellowlegs,Tringa melanoleuca,,Rodrigo Dueñas,2024-11-09,2024,11,9,727,United States,US-CA-001,California,Alameda,Coyote Hills Regional Park,37.5537640,-122.0875025,"","",Not Used,"","",,,Zoom F3,Wildtronics Pro Mono Parabolic Microphone,Standard .060 Polycarbonate Parabola,,S202974271,"",,,ID by sound,,Tringa melanoleuca,greyel,Species,6092,,2.00,1,"",,
626557644,Audio,House Finch,Haemorhous mexicanus,,Rodrigo Dueñas,2024-11-09,2024,11,9,727,United States,US-CA-001,California,Alameda,Coyote Hills Regional Park,37.5537640,-122.0875025,"","",Not Used,"","",,,Zoom F3,Wildtronics Pro Mono Parabolic Microphone,Standard .060 Polycarbonate Parabola,,S202974271,"",,,"",,Haemorhous mexicanus,houfin,Species,32034,,2.00,1,"",,
626557641,Audio,Mallard,Anas platyrhynchos,Melospiza melodia -- Song Sparrow,Rodrigo Dueñas,2024-11-09,2024,11,9,727,United States,US-CA-001,California,Alameda,Coyote Hills Regional Park,37.5537640,-122.0875025,"","",Not Used,"","",,,Zoom F3,Wildtronics Pro Mono Parabolic Microphone,Standard .060 Polycarbonate Parabola,,S202974271,"",,,,,Anas platyrhynchos,mallar3,Species,525,,1.00,1,"",,
626557628,Audio,White-crowned Sparrow,Zonotrichia leucophrys,,Rodrigo Dueñas,2024-11-09,2024,11,9,727,United States,US-CA-001,California,Alameda,Coyote Hills Regional Park,37.5537640,-122.0875025,"","",Not Used,"","",,,Zoom F3,Wildtronics Pro Mono Parabolic Microphone,Standard .060 Polycarbonate Parabola,,S202974271,"",,,,,Zonotrichia leucophrys,whcspa,Species,32905,,5.00,1,"",,
626557615,Audio,Marsh Wren,Cistothorus palustris,,Rodrigo Dueñas,2024-11-09,2024,11,9,727,United States,US-CA-001,California,Alameda,Coyote Hills Regional Park,37.5537640,-122.0875025,"","",Not Used,"","",,,Zoom F3,Wildtronics Pro Mono Parabolic Microphone,Standard .060 Polycarbonate Parabola,,S202974271,"",,,"",,Cistothorus palustris,marwre,Species,27088,,3.00,1,"",,
626557613,Audio,"Bewick's Wren",Thryomanes bewickii,,Rodrigo Dueñas,2024-11-09,2024,11,9,727,United States,US-CA-001,California,Alameda,Coyote Hills Regional Park,37.5537640,-122.0875025,"","",Not Used,"","",,,Zoom F3,Wildtronics Pro Mono Parabolic Microphone,Standard .060 Polycarbonate Parabola,,S202974271,"",,, ,,Thryomanes bewickii,bewwre,Species,27121,,2.00,1,"",,
626557575,Audio,Bushtit,Psaltriparus minimus,,Rodrigo Dueñas,2024-11-09,2024,11,9,727,United States,US-CA-001,California,Alameda,Coyote Hills Regional Park,37.5537640,-122.0875025,"","",Not Used,"","",,,Zoom F3,Wildtronics Pro Mono Parabolic Microphone,Standard .060 Polycarbonate Parabola,,S202974271,"",,,,,Psaltriparus minimus,bushti,Species,25018,,2.00,1,"",,
626557563,Audio,"Say's Phoebe",Sayornis saya,,Rodrigo Dueñas,2024-11-09,2024,11,9,727,United States,US-CA-001,California,Alameda,Coyote Hills Regional Park,37.5537640,-122.0875025,"",Call,Not Used,"","",,,Zoom F3,Wildtronics Pro Mono Parabolic Microphone,Standard .060 Polycarbonate Parabola,,S202974271,"",,,,,Sayornis saya,saypho,Species,16843,,1.00,1,"",,
626557557,Audio,Ruby-crowned Kinglet,Corthylio calendula,,Rodrigo Dueñas,2024-11-09,2024,11,9,727,United States,US-CA-001,California,Alameda,Coyote Hills Regional Park,37.5537640,-122.0875025,"","",Not Used,"","",,,Zoom F3,Wildtronics Pro Mono Parabolic Microphone,Standard .060 Polycarbonate Parabola,,S202974271,"",,,,,Corthylio calendula,ruckin,Species,26595,,2.00,1,"",,
626557552,Audio,Yellow-rumped Warbler,Setophaga coronata,,Rodrigo Dueñas,2024-11-09,2024,11,9,727,United States,US-CA-001,California,Alameda,Coyote Hills Regional Park,37.5537640,-122.0875025,"","",Not Used,"","",,,Zoom F3,Wildtronics Pro Mono Parabolic Microphone,Standard .060 Polycarbonate Parabola,,S202974271,"",,,,,Setophaga coronata,yerwar,Species,33874,,3.00,1,"",,
626557548,Audio,California Scrub-Jay,Aphelocoma californica,Setophaga coronata -- Yellow-rumped Warbler,Rodrigo Dueñas,2024-11-09,2024,11,9,727,United States,US-CA-001,California,Alameda,Coyote Hills Regional Park,37.5537640,-122.0875025,"",Call,Not Used,"","",,,Zoom F3,Wildtronics Pro Mono Parabolic Microphone,Standard .060 Polycarbonate Parabola,,S202974271,"",,,,,Aphelocoma californica,cowscj1,Species,21075,,3.00,2,"",,
626557545,Audio,California Scrub-Jay,Aphelocoma californica,,Rodrigo Dueñas,2024-11-09,2024,11,9,727,United States,US-CA-001,California,Alameda,Coyote Hills Regional Park,37.5537640,-122.0875025,"",Call,Not Used,"","",,,Zoom F3,Wildtronics Pro Mono Parabolic Microphone,Standard .060 Polycarbonate Parabola,,S202974271,"",,,,,Aphelocoma californica,cowscj1,Species,21075,,4.00,1,"",,
626557540,Audio,Wild Turkey,Meleagris gallopavo,,Rodrigo Dueñas,2024-11-09,2024,11,9,727,United States,US-CA-001,California,Alameda,Coyote Hills Regional Park,37.5537640,-122.0875025,"","",Not Used,"","",,,Zoom F3,Wildtronics Pro Mono Parabolic Microphone,Standard .060 Polycarbonate Parabola,,S202974271,"",,,,,Meleagris gallopavo,wiltur,Species,1242,,5.00,1,"",,
626485786,Audio,Yellow-rumped Warbler,Setophaga coronata,,Rodrigo Dueñas,2024-11-11,2024,11,11,1626,United States,US-CA-085,California,Santa Clara,Los Gatos Creek County Park and Oka Ponds,37.2664712,-121.9515038,"",Call,Not Used,"","",,,Zoom F3,Wildtronics Pro Mono Parabolic Microphone,Standard .060 Polycarbonate Parabola,,S202220075,"",,,,,Setophaga coronata,yerwar,Species,33874,,3.00,1,"",,
626485782,Audio,Black Phoebe,Sayornis nigricans,,Rodrigo Dueñas,2024-11-11,2024,11,11,1626,United States,US-CA-085,California,Santa Clara,Los Gatos Creek County Park and Oka Ponds,37.2664712,-121.9515038,"",Call,Not Used,"","",,,Zoom F3,Wildtronics Pro Mono Parabolic Microphone,Standard .060 Polycarbonate Parabola,,S202220075,"",,,,,Sayornis nigricans,blkpho,Species,16831,,3.00,1,"",,
626485781,Audio,Black Phoebe,Sayornis nigricans,,Rodrigo Dueñas,2024-11-11,2024,11,11,1626,United States,US-CA-085,California,Santa Clara,Los Gatos Creek County Park and Oka Ponds,37.2664712,-121.9515038,"",Call,Not Used,"","",,,Zoom F3,Wildtronics Pro Mono Parabolic Microphone,Standard .060 Polycarbonate Parabola,,S202220075,"",,,,,Sayornis nigricans,blkpho,Species,16831,,2.00,1,"",,
626485751,Audio,White-crowned Sparrow,Zonotrichia leucophrys,,Rodrigo Dueñas,2024-11-11,2024,11,11,1626,United States,US-CA-085,California,Santa Clara,Los Gatos Creek County Park and Oka Ponds,37.2664712,-121.9515038,"",Call,Not Used,"","",,,Zoom F3,Wildtronics Pro Mono Parabolic Microphone,Standard .060 Polycarbonate Parabola,,S202220075,"",,,,,Zonotrichia leucophrys,whcspa,Species,32905,,2.00,1,"",,
626485749,Audio,American Coot,Fulica americana,,Rodrigo Dueñas,2024-11-11,2024,11,11,1626,United States,US-CA-085,California,Santa Clara,Los Gatos Creek County Park and Oka Ponds,37.2664712,-121.9515038,"",Call,Not Used,"","",,,Zoom F3,Wildtronics Pro Mono Parabolic Microphone,Standard .060 Polycarbonate Parabola,,S202220075,"",,,,,Fulica americana,y00475,Species,5443,,3.00,1,"",,
626485734,Audio,Common Yellowthroat,Geothlypis trichas,,Rodrigo Dueñas,2024-11-11,2024,11,11,1626,United States,US-CA-085,California,Santa Clara,Los Gatos Creek County Park and Oka Ponds,37.2664712,-121.9515038,"",Call,Not Used,"","",,,Zoom F3,Wildtronics Pro Mono Parabolic Microphone,Standard .060 Polycarbonate Parabola,,S202220075,"",,,,,Geothlypis trichas,comyel,Species,33749,,2.00,1,"",,
626485053,Audio,Golden-crowned Sparrow,Zonotrichia atricapilla,,Rodrigo Dueñas,2024-11-17,2024,11,17,719,United States,US-CA-001,California,Alameda,Coyote Hills Regional Park,37.5537640,-122.0875025,"",Call,Not Used,"","",,,Zoom F3,Wildtronics Pro Mono Parabolic Microphone,Standard .060 Polycarbonate Parabola,,S202811385,"",,,,,Zonotrichia atricapilla,gocspa,Species,32914,,4.00,1,"",,
626447916,Audio,Marsh Wren,Cistothorus palustris,,Rodrigo Dueñas,2024-11-17,2024,11,17,719,United States,US-CA-001,California,Alameda,Coyote Hills Regional Park,37.5537640,-122.0875025,Unknown – 1,"Call; Foraging or Eating",Not Used,"","",,,Zoom F3,Wildtronics Pro Mono Parabolic Microphone,Standard .060 Polycarbonate Parabola,,S202811385,"",,,,,Cistothorus palustris,marwre,Species,27088,,3.00,1,"",,
626447800,Audio,Song Sparrow,Melospiza melodia,,Rodrigo Dueñas,2024-11-17,2024,11,17,719,United States,US-CA-001,California,Alameda,Coyote Hills Regional Park,37.5537640,-122.0875025,"",Call,Not Used,"","",,,Zoom F3,Wildtronics Pro Mono Parabolic Microphone,Standard .060 Polycarbonate Parabola,,S202811385,"",,,,,Melospiza melodia,sonspa,Species,32995,,2.00,1,"",,
626447722,Audio,"Say's Phoebe",Sayornis saya,Sayornis nigricans [nigricans Group] -- Black Phoebe (Northern),Rodrigo Dueñas,2024-11-17,2024,11,17,719,United States,US-CA-001,California,Alameda,Coyote Hills Regional Park,37.5537640,-122.0875025,Unknown – 1,Call,Not Used,"","",,,Zoom F3,Wildtronics Pro Mono Parabolic Microphone,Standard .060 Polycarbonate Parabola,,S202811385,"",,,"Wasn't able to identify by sight but listened to the recording afterwards",,Sayornis saya,saypho,Species,16843,,3.00,1,"",,
626447683,Audio,Black Phoebe (Northern),Sayornis nigricans [nigricans Group],,Rodrigo Dueñas,2024-11-17,2024,11,17,719,United States,US-CA-001,California,Alameda,Coyote Hills Regional Park,37.5537640,-122.0875025,Unknown – 1,Call,Not Used,"","",,,Zoom F3,Wildtronics Pro Mono Parabolic Microphone,Standard .060 Polycarbonate Parabola,,S202811385,"",,,,,Sayornis nigricans,blkpho1,Group,16832,,3.00,1,"",,
626447649,Audio,House Finch,Haemorhous mexicanus,,Rodrigo Dueñas,2024-11-17,2024,11,17,719,United States,US-CA-001,California,Alameda,Coyote Hills Regional Park,37.5537640,-122.0875025,"","",Not Used,"","",,,Zoom F3,Wildtronics Pro Mono Parabolic Microphone,Standard .060 Polycarbonate Parabola,,S202811385,"",,,,,Haemorhous mexicanus,houfin,Species,32034,,3.00,1,"",,
626447527,Audio,Marsh Wren,Cistothorus palustris,,Rodrigo Dueñas,2024-11-17,2024,11,17,719,United States,US-CA-001,California,Alameda,Coyote Hills Regional Park,37.5537640,-122.0875025,Adult – 1,"Call; Foraging or Eating",Unspecified,"","",,,Zoom F3,Wildtronics Pro Mono Parabolic Microphone,Standard .060 Polycarbonate Parabola,,S202811385,"",,,,,Cistothorus palustris,marwre,Species,27088,,5.00,1,"",,
626447443,Audio,Least Sandpiper,Calidris minutilla,,Rodrigo Dueñas,2024-11-17,2024,11,17,719,United States,US-CA-001,California,Alameda,Coyote Hills Regional Park,37.5537640,-122.0875025,"","",Not Used,"","",,,Zoom F3,Wildtronics Pro Mono Parabolic Microphone,Standard .060 Polycarbonate Parabola,,S202811385,"",,,,,Calidris minutilla,leasan,Species,6162,,1.00,1,"",,
626447257,Audio,Common Raven,Corvus corax,,Rodrigo Dueñas,2024-11-17,2024,11,17,719,United States,US-CA-001,California,Alameda,Coyote Hills Regional Park,37.5537640,-122.0875025,"","Call; Flying",Not Used,"","",,,Zoom F3,Wildtronics Pro Mono Parabolic Microphone,Standard .060 Polycarbonate Parabola,,S202811385,"",,,,,Corvus corax,comrav,Species,21400,,4.00,1,"",,
626447081,Audio,California Scrub-Jay,Aphelocoma californica,,Rodrigo Dueñas,2024-11-17,2024,11,17,719,United States,US-CA-001,California,Alameda,Coyote Hills Regional Park,37.5537640,-122.0875025,Adult – 1,Call,Not Used,"","",,,Zoom F3,Wildtronics Pro Mono Parabolic Microphone,Standard .060 Polycarbonate Parabola,,S202811385,"",,,Perched on a tree branch,,Aphelocoma californica,cowscj1,Species,21075,,5.00,1,"",,
625745134,Photo,Osprey (American),Pandion haliaetus carolinensis,,Rodrigo Dueñas,2024-11-02,2024,11,2,1451,United States,US-CA-053,California,Monterey,Monterey Bay Aquarium (outside only),36.6183407,-121.9016623,"",,Unspecified,"","",,,,,,,S201177048,"",,,,,Pandion haliaetus,osprey1,Group,7739,,2.00,1,,4080,3072
625745135,Photo,Osprey (American),Pandion haliaetus carolinensis,,Rodrigo Dueñas,2024-11-02,2024,11,2,1451,United States,US-CA-053,California,Monterey,Monterey Bay Aquarium (outside only),36.6183407,-121.9016623,"",,Unspecified,"","",,,,,,,S201177048,"",,,,,Pandion haliaetus,osprey1,Group,7739,,2.00,1,,4080,3072
625246863,Photo,Lesser Horned Owl,Bubo magellanicus,,Rodrigo Dueñas,2024-10-19,2024,10,19,1242,Chile,CL-RM-LOB,Región Metropolitana de Santiago,Lo Barnechea,Camino a La Parva--Vegas y Pastizales,-33.3442243,-70.2990460,"",,Unspecified,"","",,,,,,,S199524278,"",,,,,Bubo magellanicus,grhowl2,Species,8827,,4.00,1,,4080,3072
625246862,Photo,Lesser Horned Owl,Bubo magellanicus,,Rodrigo Dueñas,2024-10-19,2024,10,19,1242,Chile,CL-RM-LOB,Región Metropolitana de Santiago,Lo Barnechea,Camino a La Parva--Vegas y Pastizales,-33.3442243,-70.2990460,"",,Unspecified,"","",,,,,,,S199524278,"",,,,,Bubo magellanicus,grhowl2,Species,8827,,5.00,1,,4080,3072
625246864,Photo,Lesser Horned Owl,Bubo magellanicus,,Rodrigo Dueñas,2024-10-19,2024,10,19,1242,Chile,CL-RM-LOB,Región Metropolitana de Santiago,Lo Barnechea,Camino a La Parva--Vegas y Pastizales,-33.3442243,-70.2990460,"",,Unspecified,"","",,,,,,,S199524278,"",,,,,Bubo magellanicus,grhowl2,Species,8827,,5.00,1,,4080,3072
625246796,Photo,Gray-hooded Sierra Finch,Phrygilus gayi,,Rodrigo Dueñas,2024-10-19,2024,10,19,1056,Chile,CL-RM-LOB,Región Metropolitana de Santiago,Lo Barnechea,Camino Valle Nevado--Plaza de los Pumas,-33.3598718,-70.2904201,"",,Unspecified,"","",,,,,,,S199524262,"",,,,,Phrygilus gayi,gyhsif1,Species,35060,,3.00,1,,3072,4080
625246747,Photo,Chilean Pigeon,Patagioenas araucana,,Rodrigo Dueñas,2024-10-12,2024,10,12,1513,Chile,CL-VS-QNT,Valparaíso,Quintero,Estero Mantagua,-32.8844165,-71.5067482,"",,Unspecified,"","",,,,,,,S198994241,"",,,,,Patagioenas araucana,chipig2,Species,1940,,3.00,1,,4080,3072
625246708,Photo,Wren-like Rushbird,Phleocryptes melanops,,Rodrigo Dueñas,2024-10-12,2024,10,12,1103,Chile,CL-VS-QNT,Valparaíso,Quintero,Estero Mantagua,-32.8844165,-71.5067482,"",,Unspecified,"","",,,,,,,S198994043,"",,,,,Phleocryptes melanops,wrlrus1,Species,14908,,2.00,1,,4080,3072
625246687,Photo,Rufous-tailed Plantcutter,Phytotoma rara,,Rodrigo Dueñas,2024-10-12,2024,10,12,1103,Chile,CL-VS-QNT,Valparaíso,Quintero,Estero Mantagua,-32.8844165,-71.5067482,"",,Unspecified,"","",,,,,,,S198994043,"",,,,,Phytotoma rara,rutpla1,Species,15724,,2.00,1,,4080,3072
625246637,Photo,Diuca Finch,Diuca diuca,,Rodrigo Dueñas,2024-10-11,2024,10,11,823,Chile,CL-RM-LAM,Región Metropolitana de Santiago,Lampa,SN Laguna Batuco,-33.2064427,-70.8279133,"",,Unspecified,"","",,,,,,,S198398135,"",,,,,Diuca diuca,codfin1,Species,35066,,4.00,1,,4080,3072
625246625,Photo,Yellow-winged Blackbird,Agelasticus thilius,,Rodrigo Dueñas,2024-10-11,2024,10,11,1044,Chile,CL-RM-LAM,Región Metropolitana de Santiago,Lampa,SN Laguna Batuco,-33.2064427,-70.8279133,"",,Unspecified,"","",,,,,,,S198398422,"",,,,,Agelasticus thilius,yewbla2,Species,33654,,1.00,1,,3072,4080
625246580,Photo,Long-tailed Meadowlark,Leistes loyca,,Rodrigo Dueñas,2024-10-11,2024,10,11,823,Chile,CL-RM-LAM,Región Metropolitana de Santiago,Lampa,SN Laguna Batuco,-33.2064427,-70.8279133,"",,Unspecified,"","",,,,,,,S198398135,"",,,,,Leistes loyca,lotmea1,Species,33322,,4.00,1,,4080,3072
625246482,Photo,Chilean Mockingbird,Mimus thenca,,Rodrigo Dueñas,2024-10-11,2024,10,11,1044,Chile,CL-RM-LAM,Región Metropolitana de Santiago,Lampa,SN Laguna Batuco,-33.2064427,-70.8279133,"",,Unspecified,"","",,,,,,,S198398422,"",,,,,Mimus thenca,chimoc1,Species,27828,,3.00,1,,4080,3072
625246481,Photo,Chilean Mockingbird,Mimus thenca,,Rodrigo Dueñas,2024-10-11,2024,10,11,1044,Chile,CL-RM-LAM,Región Metropolitana de Santiago,Lampa,SN Laguna Batuco,-33.2064427,-70.8279133,"",,Unspecified,"","",,,,,,,S198398422,"",,,,,Mimus thenca,chimoc1,Species,27828,,4.00,1,,4080,3072
619242708,Photo,Great Egret,Ardea alba,,Rodrigo Dueñas,2024-05-18,2024,5,18,1052,United States,US-CA-085,California,Santa Clara,Shoreline Park--Shoreline Lake area,37.4323410,-122.0918369,"",,Unspecified,"","",,,,,,,S175399797,"",,,,,Ardea alba,greegr,Species,7635,,4.00,1,,3072,4080
619242703,Photo,Brown Pelican,Pelecanus occidentalis,,Rodrigo Dueñas,2024-05-18,2024,5,18,1052,United States,US-CA-085,California,Santa Clara,Shoreline Park--Shoreline Lake area,37.4323410,-122.0918369,"",,Unspecified,"","",,,,,,,S175399797,"",,,,,Pelecanus occidentalis,brnpel,Species,7697,,3.00,1,,3072,4080
619242609,Photo,Marbled Godwit,Limosa fedoa,,Rodrigo Dueñas,2024-05-18,2024,5,18,932,United States,US-CA-085,California,Santa Clara,Charleston Slough/Coast Casey Forebay,37.4359191,-122.0989180,"",,Unspecified,"","",,,,,,,S175378784,"",,,,,Limosa fedoa,margod,Species,5991,,2.00,1,,4080,3072
619242587,Photo,Great Blue Heron,Ardea herodias,Himantopus mexicanus -- Black-necked Stilt,Rodrigo Dueñas,2024-05-18,2024,5,18,932,United States,US-CA-085,California,Santa Clara,Charleston Slough/Coast Casey Forebay,37.4359191,-122.0989180,"","",Unspecified,"","",,,,,,,S175378784,"",,,,,Ardea herodias,grbher3,Species,7658,,3.00,1,Habitat,4080,3072
619242521,Photo,Black Oystercatcher,Haematopus bachmani,,Rodrigo Dueñas,2024-05-18,2024,5,18,1052,United States,US-CA-085,California,Santa Clara,Shoreline Park--Shoreline Lake area,37.4323410,-122.0918369,"",,Unspecified,"","",,,,,,,S175399797,"",,,,"will add photo, sitting at the island",Haematopus bachmani,blkoys,Species,5749,,1.00,1,,4080,3072
619242520,Photo,Black Oystercatcher,Haematopus bachmani,,Rodrigo Dueñas,2024-05-18,2024,5,18,1052,United States,US-CA-085,California,Santa Clara,Shoreline Park--Shoreline Lake area,37.4323410,-122.0918369,"",,Unspecified,"","",,,,,,,S175399797,"",,,,"will add photo, sitting at the island",Haematopus bachmani,blkoys,Species,5749,,1.00,1,,4080,3072
619037692,Photo,Western Wood-Pewee,Contopus sordidulus,,Rodrigo Dueñas,2024-05-11,2024,5,11,1047,United States,US-CA-097,California,Sonoma,Laguna de Santa Rosa Trail-- including Kelly Pond and Laguna Wetlands Preserve,38.4096167,-122.8124285,"",,Unspecified,"","",,,,,,,S174510998,"",,,,,Contopus sordidulus,wewpew,Species,16745,,3.00,1,,4080,3072
617717428,Photo,Black-crowned Night Heron,Nycticorax nycticorax,,Rodrigo Dueñas,2024-04-19,2024,4,19,1000,United States,US-CA-037,California,Los Angeles,Venice Beach,33.9793728,-118.4672655,"",,Unspecified,"","",,,,,,,S169631720,"",,,,,Nycticorax nycticorax,bcnher,Species,7513,,3.00,1,,3072,4080
617717427,Photo,Black-crowned Night Heron,Nycticorax nycticorax,,Rodrigo Dueñas,2024-04-19,2024,4,19,1000,United States,US-CA-037,California,Los Angeles,Venice Beach,33.9793728,-118.4672655,"",,Unspecified,"","",,,,,,,S169631720,"",,,,,Nycticorax nycticorax,bcnher,Species,7513,,3.00,1,,3072,4080
617717429,Photo,Black-crowned Night Heron,Nycticorax nycticorax,,Rodrigo Dueñas,2024-04-19,2024,4,19,1000,United States,US-CA-037,California,Los Angeles,Venice Beach,33.9793728,-118.4672655,"",,Unspecified,"","",,,,,,,S169631720,"",,,,,Nycticorax nycticorax,bcnher,Species,7513,,5.00,1,,3072,4080
617717295,Photo,"Brandt's Cormorant",Urile penicillatus,,Rodrigo Dueñas,2024-04-20,2024,4,20,1743,United States,US-CA-073,California,San Diego,Point La Jolla--seawatch,32.8507576,-117.2735641,"",,Unspecified,"","",,,,,,,S169552328,"",,,,,Urile penicillatus,bracor,Species,7305,,3.00,1,,3072,4080
617717294,Photo,"Brandt's Cormorant",Urile penicillatus,,Rodrigo Dueñas,2024-04-20,2024,4,20,1743,United States,US-CA-073,California,San Diego,Point La Jolla--seawatch,32.8507576,-117.2735641,"",,Unspecified,"","",,,,,,,S169552328,"",,,,,Urile penicillatus,bracor,Species,7305,,3.00,1,,3072,4080
617717278,Photo,Brown Pelican,Pelecanus occidentalis,,Rodrigo Dueñas,2024-04-20,2024,4,20,1743,United States,US-CA-073,California,San Diego,Point La Jolla--seawatch,32.8507576,-117.2735641,"",,Unspecified,"","",,,,,,,S169552328,"",,,,,Pelecanus occidentalis,brnpel,Species,7697,,4.00,1,,3072,4080
616427612,Photo,Rock Wren,Salpinctes obsoletus,,Rodrigo Dueñas,2024-03-24,2024,3,24,1137,United States,US-CA-001,California,Alameda,Coyote Hills Regional Park--Bayview Trail,37.5555213,-122.0973514,"",,Unspecified,"","",,,,,,,S165849468,"",,,,,Salpinctes obsoletus,rocwre,Species,26901,,3.50,2,,3072,4080
616427604,Photo,Rock Wren,Salpinctes obsoletus,,Rodrigo Dueñas,2024-03-24,2024,3,24,1137,United States,US-CA-001,California,Alameda,Coyote Hills Regional Park--Bayview Trail,37.5555213,-122.0973514,"",,Unspecified,"","",,,,,,,S165849468,"",,,,,Salpinctes obsoletus,rocwre,Species,26901,,1.00,1,,3072,4080
615266973,Photo,Pygmy Nuthatch,Sitta pygmaea,,Rodrigo Dueñas,2024-02-24,2024,2,24,1321,United States,US-CA-085,California,Santa Clara,Cuesta Park,37.3723977,-122.0809901,"",,Unspecified,"","",,,,,,,S162796327,"",,,,,Sitta pygmaea,pygnut,Species,26675,,1.00,1,,4080,3072
615266974,Photo,Pygmy Nuthatch,Sitta pygmaea,,Rodrigo Dueñas,2024-02-24,2024,2,24,1321,United States,US-CA-085,California,Santa Clara,Cuesta Park,37.3723977,-122.0809901,"",,Unspecified,"","",,,,,,,S162796327,"",,,,,Sitta pygmaea,pygnut,Species,26675,,1.00,1,,4080,3072
615266975,Photo,Pygmy Nuthatch,Sitta pygmaea,,Rodrigo Dueñas,2024-02-24,2024,2,24,1321,United States,US-CA-085,California,Santa Clara,Cuesta Park,37.3723977,-122.0809901,"",,Unspecified,"","",,,,,,,S162796327,"",,,,,Sitta pygmaea,pygnut,Species,26675,,1.00,1,,4080,3072
615266972,Photo,Pygmy Nuthatch,Sitta pygmaea,,Rodrigo Dueñas,2024-02-24,2024,2,24,1321,United States,US-CA-085,California,Santa Clara,Cuesta Park,37.3723977,-122.0809901,"",,Unspecified,"","",,,,,,,S162796327,"",,,,,Sitta pygmaea,pygnut,Species,26675,,1.00,1,,1440,1080
614236123,Photo,Southern Lapwing,Vanellus chilensis,,Rodrigo Dueñas,2023-09-10,2023,9,10,1158,Chile,CL-LI-MAC,"Libertador General Bernardo O'Higgins",Machalí,Parque Jardín Las Flores,-34.1785867,-70.6920726,"",,Unspecified,"","",,,,,,,S160292246,"",,,,,Vanellus chilensis,soulap1,Species,5835,,4.00,2,,3072,4080
614232433,Photo,Dark-eyed Junco,Junco hyemalis,,Rodrigo Dueñas,2024-01-29,2024,1,29,1540,United States,US-CA-085,California,Santa Clara,"O'Connor Park",37.3208798,-121.9124965,"",,Unspecified,"","",,,,,,,S160285558,"",,,,,Junco hyemalis,daejun,Species,32842,,1.00,1,,1037,1737
614231410,Photo,"Brewer's Blackbird",Euphagus cyanocephalus,,Rodrigo Dueñas,2024-01-07,2024,1,7,1022,United States,US-CA-085,California,Santa Clara,"51 Curtner Avenue, San Jose, California, US (37.303, -121.863)",37.3026105,-121.8631539,"",,Unspecified,"","",,,,,,,S158367947,"",,,,saw a male and female couple,Euphagus cyanocephalus,brebla,Species,33574,,3.50,2,,3072,4080
614210043,Photo,American Coot,Fulica americana,Anas platyrhynchos -- Mallard,Rodrigo Dueñas,2024-01-30,2024,1,30,1649,United States,US-CA-085,California,Santa Clara,Vasona Lake County Park,37.2385116,-121.9709873,"",,Unspecified,"","",,,,,,,S160232235,"",,,,,Fulica americana,y00475,Species,5443,,2.00,1,,3072,4080
